timestamp,sampleHour,domain,slot,port,sensor,avg_power_W,avg_voltage_V,avg_current_A,port_status
2026-08-12 00:32:12,2026-08-12 00:00:00,1,4,1,Airmar WS200,1.02,13.47,0.07,1
2026-08-12 00:32:12,2026-08-12 00:00:00,1,4,2,,0.0,0.0,0.0,0
2026-08-12 00:32:12,2026-08-12 00:00:00,1,4,3,lightBar,0.0,0.0,0.0,0
2026-08-12 00:32:12,2026-08-12 00:00:00,1,4,4,,0.0,0.0,0.0,0
2026-08-12 00:32:12,2026-08-12 00:00:00,1,4,5,airmarWaterspeedDevice,1.81,13.44,0.13,1
2026-08-12 00:32:12,2026-08-12 00:00:00,1,4,6,,0.0,0.0,0.0,0
2026-08-12 00:32:12,2026-08-12 00:00:00,1,7,1,,0.0,0.0,0.0,0
2026-08-12 00:32:12,2026-08-12 00:00:00,1,7,2,pCO2,0.0,0.0,0.0,0
2026-08-12 00:32:12,2026-08-12 00:00:00,1,7,3,,0.0,0.0,0.0,0
2026-08-12 00:32:12,2026-08-12 00:00:00,1,7,4,AIS,0.0,0.0,0.0,0
2026-08-12 00:32:12,2026-08-12 00:00:00,1,7,5,,0.0,0.0,0.0,0
2026-08-12 00:32:12,2026-08-12 00:00:00,1,7,6,,0.0,0.0,0.0,0
2026-08-12 00:32:12,2026-08-12 00:00:00,1,13,1,,0.04,16.33,0.0,1
2026-08-12 00:32:12,2026-08-12 00:00:00,1,32,1,CCU: UNKNOWN,0.29,16.33,0.01,32769
2026-08-12 00:32:12,2026-08-12 00:00:00,1,32,2,,0.18,16.32,0.01,32769
2026-08-12 00:32:12,2026-08-12 00:00:00,1,32,3,VMC,4.45,16.33,0.27,32769
2026-08-12 00:32:12,2026-08-12 00:00:00,1,32,106,CCU: Tegra TX1 SOM module,1.98,16.32,0.12,0
2026-08-12 00:32:12,2026-08-12 00:00:00,1,32,107,,0.0,5.05,0.0,0
2026-08-12 00:32:12,2026-08-12 00:00:00,1,32,108,"CCU: mSATA Drive, SDCARD, discrete ICs",0.13,3.28,0.03,0
2026-08-12 00:32:12,2026-08-12 00:00:00,1,32,110,"CCU: UARTs, HS/LS USB Hubs, Ethernet",1.23,3.4,0.36,0
2026-08-12 00:32:12,2026-08-12 00:00:00,1,32,111,,0.0,0.0,0.0,0
2026-08-12 00:32:13,2026-08-12 00:00:00,3,1,1,GPSWaves,0.33,16.33,0.02,1
2026-08-12 00:32:13,2026-08-12 00:00:00,3,1,5,,0.0,0.0,0.0,0
2026-08-12 00:32:14,2026-08-12 00:00:00,2,1,1,GPSWaves,0.0,0.0,0.0,0
2026-08-12 00:32:14,2026-08-12 00:00:00,2,1,2,Iridium,0.0,0.0,0.0,0
2026-08-12 00:32:14,2026-08-12 00:00:00,2,1,3,SMC,0.0,0.0,0.0,0
2026-08-12 00:32:14,2026-08-12 00:00:00,2,1,4,CR6,0.0,0.0,0.0,0
2026-08-12 00:32:14,2026-08-12 00:00:00,2,1,5,,0.0,0.0,0.0,0
2026-08-12 00:32:14,2026-08-12 00:00:00,2,1,6,,0.0,0.0,0.0,0
2026-08-12 00:32:14,2026-08-12 00:00:00,2,1,7,ADCP,0.0,0.0,0.0,0
2026-08-12 00:32:14,2026-08-12 00:00:00,2,1,8,,0.0,0.0,0.0,0
2026-08-12 00:32:14,2026-08-12 00:00:00,2,5,1,SPN1 Heater,0.0,0.0,0.0,0
2026-08-12 00:32:14,2026-08-12 00:00:00,2,5,2,SPN1,0.0,0.0,0.0,0
2026-08-12 00:32:14,2026-08-12 00:00:00,2,5,3,Vaisala WXT530 Heater,0.0,0.0,0.0,0
2026-08-12 00:32:14,2026-08-12 00:00:00,2,5,4,Vaisala WXT530,0.0,0.0,0.0,0
2026-08-12 00:32:14,2026-08-12 00:00:00,2,5,5,RBR CTD,0.0,0.0,0.0,0
2026-08-12 00:32:14,2026-08-12 00:00:00,2,5,6,Gill R3-50,0.0,0.0,0.0,0
2026-08-12 01:32:12,2026-08-12 01:00:00,1,4,1,Airmar WS200,1.02,13.48,0.07,1
2026-08-12 01:32:12,2026-08-12 01:00:00,1,4,2,,0.0,0.0,0.0,0
2026-08-12 01:32:12,2026-08-12 01:00:00,1,4,3,lightBar,0.0,0.0,0.0,0
2026-08-12 01:32:12,2026-08-12 01:00:00,1,4,4,,0.0,0.0,0.0,0
2026-08-12 01:32:12,2026-08-12 01:00:00,1,4,5,airmarWaterspeedDevice,1.81,13.47,0.13,1
2026-08-12 01:32:12,2026-08-12 01:00:00,1,4,6,,0.0,0.0,0.0,0
2026-08-12 01:32:12,2026-08-12 01:00:00,1,7,1,,0.0,0.0,0.0,0
2026-08-12 01:32:12,2026-08-12 01:00:00,1,7,2,pCO2,0.0,0.0,0.0,0
2026-08-12 01:32:12,2026-08-12 01:00:00,1,7,3,,0.0,0.0,0.0,0
2026-08-12 01:32:12,2026-08-12 01:00:00,1,7,4,AIS,0.0,0.0,0.0,0
2026-08-12 01:32:12,2026-08-12 01:00:00,1,7,5,,0.0,0.0,0.0,0
2026-08-12 01:32:12,2026-08-12 01:00:00,1,7,6,,0.0,0.0,0.0,0
2026-08-12 01:32:12,2026-08-12 01:00:00,1,13,1,,0.04,16.31,0.0,1
2026-08-12 01:32:12,2026-08-12 01:00:00,1,32,1,CCU: UNKNOWN,0.37,16.31,0.02,32769
2026-08-12 01:32:12,2026-08-12 01:00:00,1,32,2,,0.18,16.3,0.01,32769
2026-08-12 01:32:12,2026-08-12 01:00:00,1,32,3,VMC,4.54,16.32,0.27,32769
2026-08-12 01:32:12,2026-08-12 01:00:00,1,32,106,CCU: Tegra TX1 SOM module,1.9,16.3,0.12,0
2026-08-12 01:32:12,2026-08-12 01:00:00,1,32,107,,0.03,5.05,0.0,0
2026-08-12 01:32:12,2026-08-12 01:00:00,1,32,108,"CCU: mSATA Drive, SDCARD, discrete ICs",0.13,3.28,0.04,0
2026-08-12 01:32:12,2026-08-12 01:00:00,1,32,110,"CCU: UARTs, HS/LS USB Hubs, Ethernet",1.23,3.4,0.36,0
2026-08-12 01:32:12,2026-08-12 01:00:00,1,32,111,,0.0,0.0,0.0,0
2026-08-12 01:32:12,2026-08-12 01:00:00,3,1,1,GPSWaves,0.28,16.32,0.01,1
2026-08-12 01:32:12,2026-08-12 01:00:00,3,1,5,,0.0,0.0,0.0,0
2026-08-12 01:32:14,2026-08-12 01:00:00,2,1,1,GPSWaves,0.0,0.0,0.0,0
2026-08-12 01:32:14,2026-08-12 01:00:00,2,1,2,Iridium,0.0,0.0,0.0,0
2026-08-12 01:32:14,2026-08-12 01:00:00,2,1,3,SMC,0.0,0.0,0.0,0
2026-08-12 01:32:14,2026-08-12 01:00:00,2,1,4,CR6,0.0,0.0,0.0,0
2026-08-12 01:32:14,2026-08-12 01:00:00,2,1,5,,0.0,0.0,0.0,0
2026-08-12 01:32:14,2026-08-12 01:00:00,2,1,6,,0.0,0.0,0.0,0
2026-08-12 01:32:14,2026-08-12 01:00:00,2,1,7,ADCP,0.0,0.0,0.0,0
2026-08-12 01:32:14,2026-08-12 01:00:00,2,1,8,,0.0,0.0,0.0,0
2026-08-12 01:32:14,2026-08-12 01:00:00,2,5,1,SPN1 Heater,0.0,0.0,0.0,0
2026-08-12 01:32:14,2026-08-12 01:00:00,2,5,2,SPN1,0.0,0.0,0.0,0
2026-08-12 01:32:14,2026-08-12 01:00:00,2,5,3,Vaisala WXT530 Heater,0.0,0.0,0.0,0
2026-08-12 01:32:14,2026-08-12 01:00:00,2,5,4,Vaisala WXT530,0.0,0.0,0.0,0
2026-08-12 01:32:14,2026-08-12 01:00:00,2,5,5,RBR CTD,0.0,0.0,0.0,0
2026-08-12 01:32:14,2026-08-12 01:00:00,2,5,6,Gill R3-50,0.0,0.0,0.0,0
2026-08-12 02:32:12,2026-08-12 02:00:00,1,4,1,Airmar WS200,1.02,13.51,0.07,1
2026-08-12 02:32:12,2026-08-12 02:00:00,1,4,2,,0.0,0.0,0.0,0
2026-08-12 02:32:12,2026-08-12 02:00:00,1,4,3,lightBar,0.0,0.0,0.0,0
2026-08-12 02:32:12,2026-08-12 02:00:00,1,4,4,,0.0,0.0,0.0,0
2026-08-12 02:32:12,2026-08-12 02:00:00,1,4,5,airmarWaterspeedDevice,1.82,13.52,0.13,1
2026-08-12 02:32:12,2026-08-12 02:00:00,1,4,6,,0.0,0.0,0.0,0
2026-08-12 02:32:12,2026-08-12 02:00:00,1,7,1,,0.0,0.0,0.0,0
2026-08-12 02:32:12,2026-08-12 02:00:00,1,7,2,pCO2,0.0,0.0,0.0,0
2026-08-12 02:32:12,2026-08-12 02:00:00,1,7,3,,0.0,0.0,0.0,0
2026-08-12 02:32:12,2026-08-12 02:00:00,1,7,4,AIS,0.0,0.0,0.0,0
2026-08-12 02:32:12,2026-08-12 02:00:00,1,7,5,,0.0,0.0,0.0,0
2026-08-12 02:32:12,2026-08-12 02:00:00,1,7,6,,0.0,0.0,0.0,0
2026-08-12 02:32:12,2026-08-12 02:00:00,1,13,1,,0.04,16.3,0.0,1
2026-08-12 02:32:12,2026-08-12 02:00:00,1,32,1,CCU: UNKNOWN,0.31,16.3,0.02,32769
2026-08-12 02:32:12,2026-08-12 02:00:00,1,32,2,,0.18,16.29,0.01,32769
2026-08-12 02:32:12,2026-08-12 02:00:00,1,32,3,VMC,4.47,16.3,0.27,32769
2026-08-12 02:32:12,2026-08-12 02:00:00,1,32,106,CCU: Tegra TX1 SOM module,1.9,16.29,0.12,0
2026-08-12 02:32:12,2026-08-12 02:00:00,1,32,107,,0.0,5.05,0.0,0
2026-08-12 02:32:12,2026-08-12 02:00:00,1,32,108,"CCU: mSATA Drive, SDCARD, discrete ICs",0.13,3.28,0.04,0
2026-08-12 02:32:12,2026-08-12 02:00:00,1,32,110,"CCU: UARTs, HS/LS USB Hubs, Ethernet",1.23,3.4,0.36,0
2026-08-12 02:32:12,2026-08-12 02:00:00,1,32,111,,0.0,0.0,0.0,0
2026-08-12 02:32:12,2026-08-12 02:00:00,3,1,1,GPSWaves,0.27,16.3,0.01,1
2026-08-12 02:32:12,2026-08-12 02:00:00,3,1,5,,0.0,0.0,0.0,0
2026-08-12 02:32:14,2026-08-12 02:00:00,2,1,1,GPSWaves,0.0,0.0,0.0,0
2026-08-12 02:32:14,2026-08-12 02:00:00,2,1,2,Iridium,0.0,0.0,0.0,0
2026-08-12 02:32:14,2026-08-12 02:00:00,2,1,3,SMC,0.0,0.0,0.0,0
2026-08-12 02:32:14,2026-08-12 02:00:00,2,1,4,CR6,0.0,0.0,0.0,0
2026-08-12 02:32:14,2026-08-12 02:00:00,2,1,5,,0.0,0.0,0.0,0
2026-08-12 02:32:14,2026-08-12 02:00:00,2,1,6,,0.0,0.0,0.0,0
2026-08-12 02:32:14,2026-08-12 02:00:00,2,1,7,ADCP,0.0,0.0,0.0,0
2026-08-12 02:32:14,2026-08-12 02:00:00,2,1,8,,0.0,0.0,0.0,0
2026-08-12 02:32:14,2026-08-12 02:00:00,2,5,1,SPN1 Heater,0.0,0.0,0.0,0
2026-08-12 02:32:14,2026-08-12 02:00:00,2,5,2,SPN1,0.0,0.0,0.0,0
2026-08-12 02:32:14,2026-08-12 02:00:00,2,5,3,Vaisala WXT530 Heater,0.0,0.0,0.0,0
2026-08-12 02:32:14,2026-08-12 02:00:00,2,5,4,Vaisala WXT530,0.0,0.0,0.0,0
2026-08-12 02:32:14,2026-08-12 02:00:00,2,5,5,RBR CTD,0.0,0.0,0.0,0
2026-08-12 02:32:14,2026-08-12 02:00:00,2,5,6,Gill R3-50,0.0,0.0,0.0,0
2026-08-12 03:32:11,2026-08-12 03:00:00,1,4,1,Airmar WS200,1.02,13.46,0.07,1
2026-08-12 03:32:11,2026-08-12 03:00:00,1,4,2,,0.0,0.0,0.0,0
2026-08-12 03:32:11,2026-08-12 03:00:00,1,4,3,lightBar,0.0,0.0,0.0,0
2026-08-12 03:32:11,2026-08-12 03:00:00,1,4,4,,0.0,0.0,0.0,0
2026-08-12 03:32:11,2026-08-12 03:00:00,1,4,5,airmarWaterspeedDevice,1.81,13.47,0.13,1
2026-08-12 03:32:11,2026-08-12 03:00:00,1,4,6,,0.0,0.0,0.0,0
2026-08-12 03:32:11,2026-08-12 03:00:00,1,7,1,,0.0,0.0,0.0,0
2026-08-12 03:32:11,2026-08-12 03:00:00,1,7,2,pCO2,0.0,0.0,0.0,0
2026-08-12 03:32:11,2026-08-12 03:00:00,1,7,3,,0.0,0.0,0.0,0
2026-08-12 03:32:11,2026-08-12 03:00:00,1,7,4,AIS,0.0,0.0,0.0,0
2026-08-12 03:32:11,2026-08-12 03:00:00,1,7,5,,0.0,0.0,0.0,0
2026-08-12 03:32:11,2026-08-12 03:00:00,1,7,6,,0.0,0.0,0.0,0
2026-08-12 03:32:11,2026-08-12 03:00:00,1,13,1,,0.04,16.28,0.0,1
2026-08-12 03:32:11,2026-08-12 03:00:00,1,32,1,CCU: UNKNOWN,0.32,16.29,0.02,32769
2026-08-12 03:32:11,2026-08-12 03:00:00,1,32,2,,0.18,16.28,0.01,32769
2026-08-12 03:32:11,2026-08-12 03:00:00,1,32,3,VMC,4.48,16.29,0.27,32769
2026-08-12 03:32:11,2026-08-12 03:00:00,1,32,106,CCU: Tegra TX1 SOM module,1.8,16.28,0.11,0
2026-08-12 03:32:11,2026-08-12 03:00:00,1,32,107,,0.03,5.05,0.0,0
2026-08-12 03:32:11,2026-08-12 03:00:00,1,32,108,"CCU: mSATA Drive, SDCARD, discrete ICs",0.13,3.28,0.03,0
2026-08-12 03:32:11,2026-08-12 03:00:00,1,32,110,"CCU: UARTs, HS/LS USB Hubs, Ethernet",1.23,3.4,0.36,0
2026-08-12 03:32:11,2026-08-12 03:00:00,1,32,111,,0.0,0.0,0.0,0
2026-08-12 03:32:12,2026-08-12 03:00:00,3,1,1,GPSWaves,0.27,16.29,0.01,1
2026-08-12 03:32:12,2026-08-12 03:00:00,3,1,5,,0.0,0.0,0.0,0
2026-08-12 03:32:13,2026-08-12 03:00:00,2,1,1,GPSWaves,0.0,0.0,0.0,0
2026-08-12 03:32:13,2026-08-12 03:00:00,2,1,2,Iridium,0.0,0.0,0.0,0
2026-08-12 03:32:13,2026-08-12 03:00:00,2,1,3,SMC,0.0,0.0,0.0,0
2026-08-12 03:32:13,2026-08-12 03:00:00,2,1,4,CR6,0.0,0.0,0.0,0
2026-08-12 03:32:13,2026-08-12 03:00:00,2,1,5,,0.0,0.0,0.0,0
2026-08-12 03:32:13,2026-08-12 03:00:00,2,1,6,,0.0,0.0,0.0,0
2026-08-12 03:32:13,2026-08-12 03:00:00,2,1,7,ADCP,0.0,0.0,0.0,0
2026-08-12 03:32:13,2026-08-12 03:00:00,2,1,8,,0.0,0.0,0.0,0
2026-08-12 03:32:13,2026-08-12 03:00:00,2,5,1,SPN1 Heater,0.0,0.0,0.0,0
2026-08-12 03:32:13,2026-08-12 03:00:00,2,5,2,SPN1,0.0,0.0,0.0,0
2026-08-12 03:32:13,2026-08-12 03:00:00,2,5,3,Vaisala WXT530 Heater,0.0,0.0,0.0,0
2026-08-12 03:32:13,2026-08-12 03:00:00,2,5,4,Vaisala WXT530,0.0,0.0,0.0,0
2026-08-12 03:32:13,2026-08-12 03:00:00,2,5,5,RBR CTD,0.0,0.0,0.0,0
2026-08-12 03:32:13,2026-08-12 03:00:00,2,5,6,Gill R3-50,0.0,0.0,0.0,0
2026-08-12 04:32:12,2026-08-12 04:00:00,1,4,1,Airmar WS200,1.02,13.5,0.07,1
2026-08-12 04:32:12,2026-08-12 04:00:00,1,4,2,,0.0,0.0,0.0,0
2026-08-12 04:32:12,2026-08-12 04:00:00,1,4,3,lightBar,0.0,0.0,0.0,0
2026-08-12 04:32:12,2026-08-12 04:00:00,1,4,4,,0.0,0.0,0.0,0
2026-08-12 04:32:12,2026-08-12 04:00:00,1,4,5,airmarWaterspeedDevice,1.81,13.47,0.13,1
2026-08-12 04:32:12,2026-08-12 04:00:00,1,4,6,,0.0,0.0,0.0,0
2026-08-12 04:32:12,2026-08-12 04:00:00,1,7,1,,0.0,0.0,0.0,0
2026-08-12 04:32:12,2026-08-12 04:00:00,1,7,2,pCO2,0.0,0.0,0.0,0
2026-08-12 04:32:12,2026-08-12 04:00:00,1,7,3,,0.0,0.0,0.0,0
2026-08-12 04:32:12,2026-08-12 04:00:00,1,7,4,AIS,0.0,0.0,0.0,0
2026-08-12 04:32:12,2026-08-12 04:00:00,1,7,5,,0.0,0.0,0.0,0
2026-08-12 04:32:12,2026-08-12 04:00:00,1,7,6,,0.0,0.0,0.0,0
2026-08-12 04:32:12,2026-08-12 04:00:00,1,13,1,,0.04,16.27,0.0,1
2026-08-12 04:32:12,2026-08-12 04:00:00,1,32,1,CCU: UNKNOWN,0.29,16.27,0.01,32769
2026-08-12 04:32:12,2026-08-12 04:00:00,1,32,2,,0.18,16.26,0.01,32769
2026-08-12 04:32:12,2026-08-12 04:00:00,1,32,3,VMC,4.46,16.27,0.27,32769
2026-08-12 04:32:12,2026-08-12 04:00:00,1,32,106,CCU: Tegra TX1 SOM module,1.8,16.26,0.11,0
2026-08-12 04:32:12,2026-08-12 04:00:00,1,32,107,,0.03,5.05,0.0,0
2026-08-12 04:32:12,2026-08-12 04:00:00,1,32,108,"CCU: mSATA Drive, SDCARD, discrete ICs",0.13,3.28,0.04,0
2026-08-12 04:32:12,2026-08-12 04:00:00,1,32,110,"CCU: UARTs, HS/LS USB Hubs, Ethernet",1.23,3.4,0.36,0
2026-08-12 04:32:12,2026-08-12 04:00:00,1,32,111,,0.0,0.0,0.0,0
2026-08-12 04:32:13,2026-08-12 04:00:00,3,1,1,GPSWaves,0.27,16.27,0.01,1
2026-08-12 04:32:13,2026-08-12 04:00:00,3,1,5,,0.0,0.0,0.0,0
2026-08-12 04:32:14,2026-08-12 04:00:00,2,1,1,GPSWaves,0.0,0.0,0.0,0
2026-08-12 04:32:14,2026-08-12 04:00:00,2,1,2,Iridium,0.0,0.0,0.0,0
2026-08-12 04:32:14,2026-08-12 04:00:00,2,1,3,SMC,0.0,0.0,0.0,0
2026-08-12 04:32:14,2026-08-12 04:00:00,2,1,4,CR6,0.0,0.0,0.0,0
2026-08-12 04:32:14,2026-08-12 04:00:00,2,1,5,,0.0,0.0,0.0,0
2026-08-12 04:32:14,2026-08-12 04:00:00,2,1,6,,0.0,0.0,0.0,0
2026-08-12 04:32:14,2026-08-12 04:00:00,2,1,7,ADCP,0.0,0.0,0.0,0
2026-08-12 04:32:14,2026-08-12 04:00:00,2,1,8,,0.0,0.0,0.0,0
2026-08-12 04:32:14,2026-08-12 04:00:00,2,5,1,SPN1 Heater,0.0,0.0,0.0,0
2026-08-12 04:32:14,2026-08-12 04:00:00,2,5,2,SPN1,0.0,0.0,0.0,0
2026-08-12 04:32:14,2026-08-12 04:00:00,2,5,3,Vaisala WXT530 Heater,0.0,0.0,0.0,0
2026-08-12 04:32:14,2026-08-12 04:00:00,2,5,4,Vaisala WXT530,0.0,0.0,0.0,0
2026-08-12 04:32:14,2026-08-12 04:00:00,2,5,5,RBR CTD,0.0,0.0,0.0,0
2026-08-12 04:32:14,2026-08-12 04:00:00,2,5,6,Gill R3-50,0.0,0.0,0.0,0
2026-08-12 05:32:12,2026-08-12 05:00:00,1,4,1,Airmar WS200,1.02,13.45,0.07,1
2026-08-12 05:32:12,2026-08-12 05:00:00,1,4,2,,0.0,0.0,0.0,0
2026-08-12 05:32:12,2026-08-12 05:00:00,1,4,3,lightBar,0.0,0.0,0.0,0
2026-08-12 05:32:12,2026-08-12 05:00:00,1,4,4,,0.0,0.0,0.0,0
2026-08-12 05:32:12,2026-08-12 05:00:00,1,4,5,airmarWaterspeedDevice,1.81,13.45,0.13,1
2026-08-12 05:32:12,2026-08-12 05:00:00,1,4,6,,0.0,0.0,0.0,0
2026-08-12 05:32:12,2026-08-12 05:00:00,1,7,1,,0.0,0.0,0.0,0
2026-08-12 05:32:12,2026-08-12 05:00:00,1,7,2,pCO2,0.0,0.0,0.0,0
2026-08-12 05:32:12,2026-08-12 05:00:00,1,7,3,,0.0,0.0,0.0,0
2026-08-12 05:32:12,2026-08-12 05:00:00,1,7,4,AIS,0.0,0.0,0.0,0
2026-08-12 05:32:12,2026-08-12 05:00:00,1,7,5,,0.0,0.0,0.0,0
2026-08-12 05:32:12,2026-08-12 05:00:00,1,7,6,,0.0,0.0,0.0,0
2026-08-12 05:32:12,2026-08-12 05:00:00,1,13,1,,0.04,16.25,0.0,1
2026-08-12 05:32:12,2026-08-12 05:00:00,1,32,1,CCU: UNKNOWN,0.35,16.26,0.02,32769
2026-08-12 05:32:12,2026-08-12 05:00:00,1,32,2,,0.18,16.25,0.01,32769
2026-08-12 05:32:12,2026-08-12 05:00:00,1,32,3,VMC,4.51,16.26,0.27,32769
2026-08-12 05:32:12,2026-08-12 05:00:00,1,32,106,CCU: Tegra TX1 SOM module,2.2,16.24,0.14,0
2026-08-12 05:32:12,2026-08-12 05:00:00,1,32,107,,0.0,5.05,0.0,0
2026-08-12 05:32:12,2026-08-12 05:00:00,1,32,108,"CCU: mSATA Drive, SDCARD, discrete ICs",0.13,3.28,0.04,0
2026-08-12 05:32:12,2026-08-12 05:00:00,1,32,110,"CCU: UARTs, HS/LS USB Hubs, Ethernet",1.23,3.4,0.36,0
2026-08-12 05:32:12,2026-08-12 05:00:00,1,32,111,,0.0,0.0,0.0,0
2026-08-12 05:32:12,2026-08-12 05:00:00,3,1,1,GPSWaves,0.3,16.26,0.01,1
2026-08-12 05:32:12,2026-08-12 05:00:00,3,1,5,,0.0,0.0,0.0,0
2026-08-12 05:32:14,2026-08-12 05:00:00,2,1,1,GPSWaves,0.0,0.0,0.0,0
2026-08-12 05:32:14,2026-08-12 05:00:00,2,1,2,Iridium,0.0,0.0,0.0,0
2026-08-12 05:32:14,2026-08-12 05:00:00,2,1,3,SMC,0.0,0.0,0.0,0
2026-08-12 05:32:14,2026-08-12 05:00:00,2,1,4,CR6,0.0,0.0,0.0,0
2026-08-12 05:32:14,2026-08-12 05:00:00,2,1,5,,0.0,0.0,0.0,0
2026-08-12 05:32:14,2026-08-12 05:00:00,2,1,6,,0.0,0.0,0.0,0
2026-08-12 05:32:14,2026-08-12 05:00:00,2,1,7,ADCP,0.0,0.0,0.0,0
2026-08-12 05:32:14,2026-08-12 05:00:00,2,1,8,,0.0,0.0,0.0,0
2026-08-12 05:32:14,2026-08-12 05:00:00,2,5,1,SPN1 Heater,0.0,0.0,0.0,0
2026-08-12 05:32:14,2026-08-12 05:00:00,2,5,2,SPN1,0.0,0.0,0.0,0
2026-08-12 05:32:14,2026-08-12 05:00:00,2,5,3,Vaisala WXT530 Heater,0.0,0.0,0.0,0
2026-08-12 05:32:14,2026-08-12 05:00:00,2,5,4,Vaisala WXT530,0.0,0.0,0.0,0
2026-08-12 05:32:14,2026-08-12 05:00:00,2,5,5,RBR CTD,0.0,0.0,0.0,0
2026-08-12 05:32:14,2026-08-12 05:00:00,2,5,6,Gill R3-50,0.0,0.0,0.0,0
2026-08-12 06:32:12,2026-08-12 06:00:00,1,4,1,Airmar WS200,1.02,13.48,0.07,1
2026-08-12 06:32:12,2026-08-12 06:00:00,1,4,2,,0.0,0.0,0.0,0
2026-08-12 06:32:12,2026-08-12 06:00:00,1,4,3,lightBar,0.0,0.0,0.0,0
2026-08-12 06:32:12,2026-08-12 06:00:00,1,4,4,,0.0,0.0,0.0,0
2026-08-12 06:32:12,2026-08-12 06:00:00,1,4,5,airmarWaterspeedDevice,1.81,13.44,0.13,1
2026-08-12 06:32:12,2026-08-12 06:00:00,1,4,6,,0.0,0.0,0.0,0
2026-08-12 06:32:12,2026-08-12 06:00:00,1,7,1,,0.0,0.0,0.0,0
2026-08-12 06:32:12,2026-08-12 06:00:00,1,7,2,pCO2,0.0,0.0,0.0,0
2026-08-12 06:32:12,2026-08-12 06:00:00,1,7,3,,0.0,0.0,0.0,0
2026-08-12 06:32:12,2026-08-12 06:00:00,1,7,4,AIS,0.0,0.0,0.0,0
2026-08-12 06:32:12,2026-08-12 06:00:00,1,7,5,,0.0,0.0,0.0,0
2026-08-12 06:32:12,2026-08-12 06:00:00,1,7,6,,0.0,0.0,0.0,0
2026-08-12 06:32:12,2026-08-12 06:00:00,1,13,1,,0.04,16.24,0.0,1
2026-08-12 06:32:12,2026-08-12 06:00:00,1,32,1,CCU: UNKNOWN,0.35,16.24,0.02,32769
2026-08-12 06:32:12,2026-08-12 06:00:00,1,32,2,,0.18,16.23,0.01,32769
2026-08-12 06:32:12,2026-08-12 06:00:00,1,32,3,VMC,4.5,16.24,0.27,32769
2026-08-12 06:32:12,2026-08-12 06:00:00,1,32,106,CCU: Tegra TX1 SOM module,1.85,16.22,0.11,0
2026-08-12 06:32:12,2026-08-12 06:00:00,1,32,107,,0.03,5.05,0.0,0
2026-08-12 06:32:12,2026-08-12 06:00:00,1,32,108,"CCU: mSATA Drive, SDCARD, discrete ICs",0.13,3.27,0.04,0
2026-08-12 06:32:12,2026-08-12 06:00:00,1,32,110,"CCU: UARTs, HS/LS USB Hubs, Ethernet",1.23,3.4,0.36,0
2026-08-12 06:32:12,2026-08-12 06:00:00,1,32,111,,0.0,0.0,0.0,0
2026-08-12 06:32:12,2026-08-12 06:00:00,3,1,1,GPSWaves,0.32,16.24,0.02,1
2026-08-12 06:32:12,2026-08-12 06:00:00,3,1,5,,0.0,0.0,0.0,0
2026-08-12 06:32:14,2026-08-12 06:00:00,2,1,1,GPSWaves,0.0,0.0,0.0,0
2026-08-12 06:32:14,2026-08-12 06:00:00,2,1,2,Iridium,0.0,0.0,0.0,0
2026-08-12 06:32:14,2026-08-12 06:00:00,2,1,3,SMC,0.0,0.0,0.0,0
2026-08-12 06:32:14,2026-08-12 06:00:00,2,1,4,CR6,0.0,0.0,0.0,0
2026-08-12 06:32:14,2026-08-12 06:00:00,2,1,5,,0.0,0.0,0.0,0
2026-08-12 06:32:14,2026-08-12 06:00:00,2,1,6,,0.0,0.0,0.0,0
2026-08-12 06:32:14,2026-08-12 06:00:00,2,1,7,ADCP,0.0,0.0,0.0,0
2026-08-12 06:32:14,2026-08-12 06:00:00,2,1,8,,0.0,0.0,0.0,0
2026-08-12 06:32:14,2026-08-12 06:00:00,2,5,1,SPN1 Heater,0.0,0.0,0.0,0
2026-08-12 06:32:14,2026-08-12 06:00:00,2,5,2,SPN1,0.0,0.0,0.0,0
2026-08-12 06:32:14,2026-08-12 06:00:00,2,5,3,Vaisala WXT530 Heater,0.0,0.0,0.0,0
2026-08-12 06:32:14,2026-08-12 06:00:00,2,5,4,Vaisala WXT530,0.0,0.0,0.0,0
2026-08-12 06:32:14,2026-08-12 06:00:00,2,5,5,RBR CTD,0.0,0.0,0.0,0
2026-08-12 06:32:14,2026-08-12 06:00:00,2,5,6,Gill R3-50,0.0,0.0,0.0,0
2026-08-12 07:32:11,2026-08-12 07:00:00,1,4,1,Airmar WS200,1.02,13.47,0.07,1
2026-08-12 07:32:11,2026-08-12 07:00:00,1,4,2,,0.0,0.0,0.0,0
2026-08-12 07:32:11,2026-08-12 07:00:00,1,4,3,lightBar,0.0,0.0,0.0,0
2026-08-12 07:32:11,2026-08-12 07:00:00,1,4,4,,0.0,0.0,0.0,0
2026-08-12 07:32:11,2026-08-12 07:00:00,1,4,5,airmarWaterspeedDevice,1.81,13.47,0.13,1
2026-08-12 07:32:11,2026-08-12 07:00:00,1,4,6,,0.0,0.0,0.0,0
2026-08-12 07:32:11,2026-08-12 07:00:00,1,7,1,,0.0,0.0,0.0,0
2026-08-12 07:32:11,2026-08-12 07:00:00,1,7,2,pCO2,0.0,0.0,0.0,0
2026-08-12 07:32:11,2026-08-12 07:00:00,1,7,3,,0.0,0.0,0.0,0
2026-08-12 07:32:11,2026-08-12 07:00:00,1,7,4,AIS,0.0,0.0,0.0,0
2026-08-12 07:32:11,2026-08-12 07:00:00,1,7,5,,0.0,0.0,0.0,0
2026-08-12 07:32:11,2026-08-12 07:00:00,1,7,6,,0.0,0.0,0.0,0
2026-08-12 07:32:11,2026-08-12 07:00:00,1,13,1,,0.04,16.23,0.0,1
2026-08-12 07:32:11,2026-08-12 07:00:00,1,32,1,CCU: UNKNOWN,0.36,16.23,0.02,32769
2026-08-12 07:32:11,2026-08-12 07:00:00,1,32,2,,0.18,16.22,0.01,32769
2026-08-12 07:32:11,2026-08-12 07:00:00,1,32,3,VMC,4.52,16.23,0.27,32769
2026-08-12 07:32:11,2026-08-12 07:00:00,1,32,106,CCU: Tegra TX1 SOM module,1.83,16.29,0.11,0
2026-08-12 07:32:11,2026-08-12 07:00:00,1,32,107,,0.03,5.05,0.0,0
2026-08-12 07:32:11,2026-08-12 07:00:00,1,32,108,"CCU: mSATA Drive, SDCARD, discrete ICs",0.13,3.28,0.04,0
2026-08-12 07:32:11,2026-08-12 07:00:00,1,32,110,"CCU: UARTs, HS/LS USB Hubs, Ethernet",1.23,3.4,0.36,0
2026-08-12 07:32:11,2026-08-12 07:00:00,1,32,111,,0.0,0.0,0.0,0
2026-08-12 07:32:12,2026-08-12 07:00:00,3,1,1,GPSWaves,0.33,16.23,0.02,1
2026-08-12 07:32:12,2026-08-12 07:00:00,3,1,5,,0.0,0.0,0.0,0
2026-08-12 07:32:13,2026-08-12 07:00:00,2,1,1,GPSWaves,0.0,0.0,0.0,0
2026-08-12 07:32:13,2026-08-12 07:00:00,2,1,2,Iridium,0.0,0.0,0.0,0
2026-08-12 07:32:13,2026-08-12 07:00:00,2,1,3,SMC,0.0,0.0,0.0,0
2026-08-12 07:32:13,2026-08-12 07:00:00,2,1,4,CR6,0.0,0.0,0.0,0
2026-08-12 07:32:13,2026-08-12 07:00:00,2,1,5,,0.0,0.0,0.0,0
2026-08-12 07:32:13,2026-08-12 07:00:00,2,1,6,,0.0,0.0,0.0,0
2026-08-12 07:32:13,2026-08-12 07:00:00,2,1,7,ADCP,0.0,0.0,0.0,0
2026-08-12 07:32:13,2026-08-12 07:00:00,2,1,8,,0.0,0.0,0.0,0
2026-08-12 07:32:13,2026-08-12 07:00:00,2,5,1,SPN1 Heater,0.0,0.0,0.0,0
2026-08-12 07:32:13,2026-08-12 07:00:00,2,5,2,SPN1,0.0,0.0,0.0,0
2026-08-12 07:32:13,2026-08-12 07:00:00,2,5,3,Vaisala WXT530 Heater,0.0,0.0,0.0,0
2026-08-12 07:32:13,2026-08-12 07:00:00,2,5,4,Vaisala WXT530,0.0,0.0,0.0,0
2026-08-12 07:32:13,2026-08-12 07:00:00,2,5,5,RBR CTD,0.0,0.0,0.0,0
2026-08-12 07:32:13,2026-08-12 07:00:00,2,5,6,Gill R3-50,0.0,0.0,0.0,0
2026-08-12 08:32:12,2026-08-12 08:00:00,1,4,1,Airmar WS200,1.02,13.49,0.07,1
2026-08-12 08:32:12,2026-08-12 08:00:00,1,4,2,,0.0,0.0,0.0,0
2026-08-12 08:32:12,2026-08-12 08:00:00,1,4,3,lightBar,0.0,0.0,0.0,0
2026-08-12 08:32:12,2026-08-12 08:00:00,1,4,4,,0.0,0.0,0.0,0
2026-08-12 08:32:12,2026-08-12 08:00:00,1,4,5,airmarWaterspeedDevice,1.81,13.47,0.13,1
2026-08-12 08:32:12,2026-08-12 08:00:00,1,4,6,,0.0,0.0,0.0,0
2026-08-12 08:32:12,2026-08-12 08:00:00,1,7,1,,0.0,0.0,0.0,0
2026-08-12 08:32:12,2026-08-12 08:00:00,1,7,2,pCO2,0.0,0.0,0.0,0
2026-08-12 08:32:12,2026-08-12 08:00:00,1,7,3,,0.0,0.0,0.0,0
2026-08-12 08:32:12,2026-08-12 08:00:00,1,7,4,AIS,0.0,0.0,0.0,0
2026-08-12 08:32:12,2026-08-12 08:00:00,1,7,5,,0.0,0.0,0.0,0
2026-08-12 08:32:12,2026-08-12 08:00:00,1,7,6,,0.0,0.0,0.0,0
2026-08-12 08:32:12,2026-08-12 08:00:00,1,13,1,,0.04,16.5,0.0,1
2026-08-12 08:32:12,2026-08-12 08:00:00,1,32,1,CCU: UNKNOWN,0.36,16.5,0.02,32769
2026-08-12 08:32:12,2026-08-12 08:00:00,1,32,2,,0.18,16.5,0.01,32769
2026-08-12 08:32:12,2026-08-12 08:00:00,1,32,3,VMC,4.53,16.51,0.27,32769
2026-08-12 08:32:12,2026-08-12 08:00:00,1,32,106,CCU: Tegra TX1 SOM module,1.78,16.5,0.11,0
2026-08-12 08:32:12,2026-08-12 08:00:00,1,32,107,,0.03,5.05,0.0,0
2026-08-12 08:32:12,2026-08-12 08:00:00,1,32,108,"CCU: mSATA Drive, SDCARD, discrete ICs",0.13,3.28,0.04,0
2026-08-12 08:32:12,2026-08-12 08:00:00,1,32,110,"CCU: UARTs, HS/LS USB Hubs, Ethernet",1.23,3.4,0.36,0
2026-08-12 08:32:12,2026-08-12 08:00:00,1,32,111,,0.0,0.0,0.0,0
2026-08-12 08:32:13,2026-08-12 08:00:00,3,1,1,GPSWaves,0.29,16.51,0.01,1
2026-08-12 08:32:13,2026-08-12 08:00:00,3,1,5,,0.0,0.0,0.0,0
2026-08-12 08:32:14,2026-08-12 08:00:00,2,1,1,GPSWaves,0.0,0.0,0.0,0
2026-08-12 08:32:14,2026-08-12 08:00:00,2,1,2,Iridium,0.0,0.0,0.0,0
2026-08-12 08:32:14,2026-08-12 08:00:00,2,1,3,SMC,0.0,0.0,0.0,0
2026-08-12 08:32:14,2026-08-12 08:00:00,2,1,4,CR6,0.0,0.0,0.0,0
2026-08-12 08:32:14,2026-08-12 08:00:00,2,1,5,,0.0,0.0,0.0,0
2026-08-12 08:32:14,2026-08-12 08:00:00,2,1,6,,0.0,0.0,0.0,0
2026-08-12 08:32:14,2026-08-12 08:00:00,2,1,7,ADCP,0.0,0.0,0.0,0
2026-08-12 08:32:14,2026-08-12 08:00:00,2,1,8,,0.0,0.0,0.0,0
2026-08-12 08:32:14,2026-08-12 08:00:00,2,5,1,SPN1 Heater,0.0,0.0,0.0,0
2026-08-12 08:32:14,2026-08-12 08:00:00,2,5,2,SPN1,0.0,0.0,0.0,0
2026-08-12 08:32:14,2026-08-12 08:00:00,2,5,3,Vaisala WXT530 Heater,0.0,0.0,0.0,0
2026-08-12 08:32:14,2026-08-12 08:00:00,2,5,4,Vaisala WXT530,0.0,0.0,0.0,0
2026-08-12 08:32:14,2026-08-12 08:00:00,2,5,5,RBR CTD,0.0,0.0,0.0,0
2026-08-12 08:32:14,2026-08-12 08:00:00,2,5,6,Gill R3-50,0.0,0.0,0.0,0
2026-08-12 09:32:12,2026-08-12 09:00:00,1,4,1,Airmar WS200,1.02,13.49,0.07,1
2026-08-12 09:32:12,2026-08-12 09:00:00,1,4,2,,0.0,0.0,0.0,0
2026-08-12 09:32:12,2026-08-12 09:00:00,1,4,3,lightBar,0.0,0.0,0.0,0
2026-08-12 09:32:12,2026-08-12 09:00:00,1,4,4,,0.0,0.0,0.0,0
2026-08-12 09:32:12,2026-08-12 09:00:00,1,4,5,airmarWaterspeedDevice,1.81,13.48,0.13,1
2026-08-12 09:32:12,2026-08-12 09:00:00,1,4,6,,0.0,0.0,0.0,0
2026-08-12 09:32:12,2026-08-12 09:00:00,1,7,1,,0.0,0.0,0.0,0
2026-08-12 09:32:12,2026-08-12 09:00:00,1,7,2,pCO2,0.0,0.0,0.0,0
2026-08-12 09:32:12,2026-08-12 09:00:00,1,7,3,,0.0,0.0,0.0,0
2026-08-12 09:32:12,2026-08-12 09:00:00,1,7,4,AIS,0.0,0.0,0.0,0
2026-08-12 09:32:12,2026-08-12 09:00:00,1,7,5,,0.0,0.0,0.0,0
2026-08-12 09:32:12,2026-08-12 09:00:00,1,7,6,,0.0,0.0,0.0,0
2026-08-12 09:32:12,2026-08-12 09:00:00,1,13,1,,0.04,16.56,0.0,1
2026-08-12 09:32:12,2026-08-12 09:00:00,1,32,1,CCU: UNKNOWN,0.36,16.56,0.02,32769
2026-08-12 09:32:12,2026-08-12 09:00:00,1,32,2,,0.18,16.56,0.01,32769
2026-08-12 09:32:12,2026-08-12 09:00:00,1,32,3,VMC,4.53,16.57,0.27,32769
2026-08-12 09:32:12,2026-08-12 09:00:00,1,32,106,CCU: Tegra TX1 SOM module,1.8,16.57,0.11,0
2026-08-12 09:32:12,2026-08-12 09:00:00,1,32,107,,0.03,5.05,0.0,0
2026-08-12 09:32:12,2026-08-12 09:00:00,1,32,108,"CCU: mSATA Drive, SDCARD, discrete ICs",0.13,3.28,0.04,0
2026-08-12 09:32:12,2026-08-12 09:00:00,1,32,110,"CCU: UARTs, HS/LS USB Hubs, Ethernet",1.23,3.4,0.36,0
2026-08-12 09:32:12,2026-08-12 09:00:00,1,32,111,,0.0,0.0,0.0,0
2026-08-12 09:32:12,2026-08-12 09:00:00,3,1,1,GPSWaves,0.35,16.56,0.02,1
2026-08-12 09:32:12,2026-08-12 09:00:00,3,1,5,,0.0,0.0,0.0,0
2026-08-12 09:32:14,2026-08-12 09:00:00,2,1,1,GPSWaves,0.0,0.0,0.0,0
2026-08-12 09:32:14,2026-08-12 09:00:00,2,1,2,Iridium,0.0,0.0,0.0,0
2026-08-12 09:32:14,2026-08-12 09:00:00,2,1,3,SMC,0.0,0.0,0.0,0
2026-08-12 09:32:14,2026-08-12 09:00:00,2,1,4,CR6,0.0,0.0,0.0,0
2026-08-12 09:32:14,2026-08-12 09:00:00,2,1,5,,0.0,0.0,0.0,0
2026-08-12 09:32:14,2026-08-12 09:00:00,2,1,6,,0.0,0.0,0.0,0
2026-08-12 09:32:14,2026-08-12 09:00:00,2,1,7,ADCP,0.0,0.0,0.0,0
2026-08-12 09:32:14,2026-08-12 09:00:00,2,1,8,,0.0,0.0,0.0,0
2026-08-12 09:32:14,2026-08-12 09:00:00,2,5,1,SPN1 Heater,0.0,0.0,0.0,0
2026-08-12 09:32:14,2026-08-12 09:00:00,2,5,2,SPN1,0.0,0.0,0.0,0
2026-08-12 09:32:14,2026-08-12 09:00:00,2,5,3,Vaisala WXT530 Heater,0.0,0.0,0.0,0
2026-08-12 09:32:14,2026-08-12 09:00:00,2,5,4,Vaisala WXT530,0.0,0.0,0.0,0
2026-08-12 09:32:14,2026-08-12 09:00:00,2,5,5,RBR CTD,0.0,0.0,0.0,0
2026-08-12 09:32:14,2026-08-12 09:00:00,2,5,6,Gill R3-50,0.0,0.0,0.0,0
2026-08-12 10:32:14,2026-08-12 10:00:00,2,1,1,GPSWaves,0.0,0.0,0.0,0
2026-08-12 10:32:14,2026-08-12 10:00:00,2,1,2,Iridium,0.0,0.0,0.0,0
2026-08-12 10:32:14,2026-08-12 10:00:00,2,1,3,SMC,0.0,0.0,0.0,0
2026-08-12 10:32:14,2026-08-12 10:00:00,2,1,4,CR6,0.0,0.0,0.0,0
2026-08-12 10:32:14,2026-08-12 10:00:00,2,1,5,,0.0,0.0,0.0,0
2026-08-12 10:32:14,2026-08-12 10:00:00,2,1,6,,0.0,0.0,0.0,0
2026-08-12 10:32:14,2026-08-12 10:00:00,2,1,7,ADCP,0.0,0.0,0.0,0
2026-08-12 10:32:14,2026-08-12 10:00:00,2,1,8,,0.0,0.0,0.0,0
2026-08-12 10:32:14,2026-08-12 10:00:00,2,5,1,SPN1 Heater,0.0,0.0,0.0,0
2026-08-12 10:32:14,2026-08-12 10:00:00,2,5,2,SPN1,0.0,0.0,0.0,0
2026-08-12 10:32:14,2026-08-12 10:00:00,2,5,3,Vaisala WXT530 Heater,0.0,0.0,0.0,0
2026-08-12 10:32:14,2026-08-12 10:00:00,2,5,4,Vaisala WXT530,0.0,0.0,0.0,0
2026-08-12 10:32:14,2026-08-12 10:00:00,2,5,5,RBR CTD,0.0,0.0,0.0,0
2026-08-12 10:32:14,2026-08-12 10:00:00,2,5,6,Gill R3-50,0.0,0.0,0.0,0
2026-08-12 11:32:11,2026-08-12 11:00:00,1,4,1,Airmar WS200,1.02,13.48,0.07,1
2026-08-12 11:32:11,2026-08-12 11:00:00,1,4,2,,0.0,0.0,0.0,0
2026-08-12 11:32:11,2026-08-12 11:00:00,1,4,3,lightBar,0.0,0.0,0.0,0
2026-08-12 11:32:11,2026-08-12 11:00:00,1,4,4,,0.0,0.0,0.0,0
2026-08-12 11:32:11,2026-08-12 11:00:00,1,4,5,airmarWaterspeedDevice,1.82,13.5,0.13,1
2026-08-12 11:32:11,2026-08-12 11:00:00,1,4,6,,0.0,0.0,0.0,0
2026-08-12 11:32:11,2026-08-12 11:00:00,1,7,1,,0.0,0.0,0.0,0
2026-08-12 11:32:11,2026-08-12 11:00:00,1,7,2,pCO2,10.31,13.52,0.76,1
2026-08-12 11:32:11,2026-08-12 11:00:00,1,7,3,,0.0,0.0,0.0,0
2026-08-12 11:32:11,2026-08-12 11:00:00,1,7,4,AIS,0.0,0.0,0.0,0
2026-08-12 11:32:11,2026-08-12 11:00:00,1,7,5,,0.0,0.0,0.0,0
2026-08-12 11:32:11,2026-08-12 11:00:00,1,7,6,,0.0,0.0,0.0,0
2026-08-12 11:32:11,2026-08-12 11:00:00,1,13,1,,0.04,16.62,0.0,1
2026-08-12 11:32:11,2026-08-12 11:00:00,1,32,1,CCU: UNKNOWN,0.37,16.62,0.02,32769
2026-08-12 11:32:11,2026-08-12 11:00:00,1,32,2,,0.17,16.61,0.01,32769
2026-08-12 11:32:11,2026-08-12 11:00:00,1,32,3,VMC,4.55,16.62,0.27,32769
2026-08-12 11:32:11,2026-08-12 11:00:00,1,32,106,CCU: Tegra TX1 SOM module,1.9,16.66,0.11,0
2026-08-12 11:32:11,2026-08-12 11:00:00,1,32,107,,0.03,5.05,0.0,0
2026-08-12 11:32:11,2026-08-12 11:00:00,1,32,108,"CCU: mSATA Drive, SDCARD, discrete ICs",0.13,3.28,0.04,0
2026-08-12 11:32:11,2026-08-12 11:00:00,1,32,110,"CCU: UARTs, HS/LS USB Hubs, Ethernet",1.23,3.4,0.36,0
2026-08-12 11:32:11,2026-08-12 11:00:00,1,32,111,,0.0,0.0,0.0,0
2026-08-12 11:32:12,2026-08-12 11:00:00,3,1,1,GPSWaves,0.33,16.62,0.01,1
2026-08-12 11:32:12,2026-08-12 11:00:00,3,1,5,,0.0,0.0,0.0,0
2026-08-12 11:32:13,2026-08-12 11:00:00,2,1,1,GPSWaves,0.0,0.0,0.0,0
2026-08-12 11:32:13,2026-08-12 11:00:00,2,1,2,Iridium,0.0,0.0,0.0,0
2026-08-12 11:32:13,2026-08-12 11:00:00,2,1,3,SMC,0.0,0.0,0.0,0
2026-08-12 11:32:13,2026-08-12 11:00:00,2,1,4,CR6,0.0,0.0,0.0,0
2026-08-12 11:32:13,2026-08-12 11:00:00,2,1,5,,0.0,0.0,0.0,0
2026-08-12 11:32:13,2026-08-12 11:00:00,2,1,6,,0.0,0.0,0.0,0
2026-08-12 11:32:13,2026-08-12 11:00:00,2,1,7,ADCP,0.0,0.0,0.0,0
2026-08-12 11:32:13,2026-08-12 11:00:00,2,1,8,,0.0,0.0,0.0,0
2026-08-12 11:32:13,2026-08-12 11:00:00,2,5,1,SPN1 Heater,0.0,0.0,0.0,0
2026-08-12 11:32:13,2026-08-12 11:00:00,2,5,2,SPN1,0.0,0.0,0.0,0
2026-08-12 11:32:13,2026-08-12 11:00:00,2,5,3,Vaisala WXT530 Heater,0.0,0.0,0.0,0
2026-08-12 11:32:13,2026-08-12 11:00:00,2,5,4,Vaisala WXT530,0.0,0.0,0.0,0
2026-08-12 11:32:13,2026-08-12 11:00:00,2,5,5,RBR CTD,0.0,0.0,0.0,0
2026-08-12 11:32:13,2026-08-12 11:00:00,2,5,6,Gill R3-50,0.0,0.0,0.0,0
2026-08-12 12:32:12,2026-08-12 12:00:00,1,4,1,Airmar WS200,1.02,13.47,0.07,1
2026-08-12 12:32:12,2026-08-12 12:00:00,1,4,2,,0.0,0.0,0.0,0
2026-08-12 12:32:12,2026-08-12 12:00:00,1,4,3,lightBar,0.0,0.0,0.0,0
2026-08-12 12:32:12,2026-08-12 12:00:00,1,4,4,,0.0,0.0,0.0,0
2026-08-12 12:32:12,2026-08-12 12:00:00,1,4,5,airmarWaterspeedDevice,1.81,13.46,0.13,1
2026-08-12 12:32:12,2026-08-12 12:00:00,1,4,6,,0.0,0.0,0.0,0
2026-08-12 12:32:12,2026-08-12 12:00:00,1,7,1,,0.0,0.0,0.0,0
2026-08-12 12:32:12,2026-08-12 12:00:00,1,7,2,pCO2,5.96,13.5,0.44,1
2026-08-12 12:32:12,2026-08-12 12:00:00,1,7,3,,0.0,0.0,0.0,0
2026-08-12 12:32:12,2026-08-12 12:00:00,1,7,4,AIS,0.0,0.0,0.0,0
2026-08-12 12:32:12,2026-08-12 12:00:00,1,7,5,,0.0,0.0,0.0,0
2026-08-12 12:32:12,2026-08-12 12:00:00,1,7,6,,0.0,0.0,0.0,0
2026-08-12 12:32:12,2026-08-12 12:00:00,1,13,1,,0.04,16.77,0.0,1
2026-08-12 12:32:12,2026-08-12 12:00:00,1,32,1,CCU: UNKNOWN,0.35,16.77,0.02,32769
2026-08-12 12:32:12,2026-08-12 12:00:00,1,32,2,,0.18,16.76,0.01,32769
2026-08-12 12:32:12,2026-08-12 12:00:00,1,32,3,VMC,4.56,16.77,0.27,32769
2026-08-12 12:32:12,2026-08-12 12:00:00,1,32,106,CCU: Tegra TX1 SOM module,1.83,17.01,0.11,0
2026-08-12 12:32:12,2026-08-12 12:00:00,1,32,107,,0.03,5.05,0.0,0
2026-08-12 12:32:12,2026-08-12 12:00:00,1,32,108,"CCU: mSATA Drive, SDCARD, discrete ICs",0.13,3.28,0.04,0
2026-08-12 12:32:12,2026-08-12 12:00:00,1,32,110,"CCU: UARTs, HS/LS USB Hubs, Ethernet",1.23,3.4,0.36,0
2026-08-12 12:32:12,2026-08-12 12:00:00,1,32,111,,0.0,0.0,0.0,0
2026-08-12 12:32:13,2026-08-12 12:00:00,3,1,1,GPSWaves,0.3,16.77,0.01,1
2026-08-12 12:32:13,2026-08-12 12:00:00,3,1,5,,0.0,0.0,0.0,0
2026-08-12 12:32:14,2026-08-12 12:00:00,2,1,1,GPSWaves,0.0,0.0,0.0,0
2026-08-12 12:32:14,2026-08-12 12:00:00,2,1,2,Iridium,0.0,0.0,0.0,0
2026-08-12 12:32:14,2026-08-12 12:00:00,2,1,3,SMC,0.0,0.0,0.0,0
2026-08-12 12:32:14,2026-08-12 12:00:00,2,1,4,CR6,0.0,0.0,0.0,0
2026-08-12 12:32:14,2026-08-12 12:00:00,2,1,5,,0.0,0.0,0.0,0
2026-08-12 12:32:14,2026-08-12 12:00:00,2,1,6,,0.0,0.0,0.0,0
2026-08-12 12:32:14,2026-08-12 12:00:00,2,1,7,ADCP,0.0,0.0,0.0,0
2026-08-12 12:32:14,2026-08-12 12:00:00,2,1,8,,0.0,0.0,0.0,0
2026-08-12 12:32:14,2026-08-12 12:00:00,2,5,1,SPN1 Heater,0.0,0.0,0.0,0
2026-08-12 12:32:14,2026-08-12 12:00:00,2,5,2,SPN1,0.0,0.0,0.0,0
2026-08-12 12:32:14,2026-08-12 12:00:00,2,5,3,Vaisala WXT530 Heater,0.0,0.0,0.0,0
2026-08-12 12:32:14,2026-08-12 12:00:00,2,5,4,Vaisala WXT530,0.0,0.0,0.0,0
2026-08-12 12:32:14,2026-08-12 12:00:00,2,5,5,RBR CTD,0.0,0.0,0.0,0
2026-08-12 12:32:14,2026-08-12 12:00:00,2,5,6,Gill R3-50,0.0,0.0,0.0,0
2026-08-12 13:32:12,2026-08-12 13:00:00,1,4,1,Airmar WS200,1.02,13.49,0.07,1
2026-08-12 13:32:12,2026-08-12 13:00:00,1,4,2,,0.0,0.0,0.0,0
2026-08-12 13:32:12,2026-08-12 13:00:00,1,4,3,lightBar,0.0,0.0,0.0,0
2026-08-12 13:32:12,2026-08-12 13:00:00,1,4,4,,0.0,0.0,0.0,0
2026-08-12 13:32:12,2026-08-12 13:00:00,1,4,5,airmarWaterspeedDevice,1.81,13.47,0.13,1
2026-08-12 13:32:12,2026-08-12 13:00:00,1,4,6,,0.0,0.0,0.0,0
2026-08-12 13:32:12,2026-08-12 13:00:00,1,7,1,,0.0,0.0,0.0,0
2026-08-12 13:32:12,2026-08-12 13:00:00,1,7,2,pCO2,5.78,13.52,0.42,1
2026-08-12 13:32:12,2026-08-12 13:00:00,1,7,3,,0.0,0.0,0.0,0
2026-08-12 13:32:12,2026-08-12 13:00:00,1,7,4,AIS,0.0,0.0,0.0,0
2026-08-12 13:32:12,2026-08-12 13:00:00,1,7,5,,0.0,0.0,0.0,0
2026-08-12 13:32:12,2026-08-12 13:00:00,1,7,6,,0.0,0.0,0.0,0
2026-08-12 13:32:12,2026-08-12 13:00:00,1,13,1,,0.04,18.77,0.0,1
2026-08-12 13:32:12,2026-08-12 13:00:00,1,32,1,CCU: UNKNOWN,0.36,18.77,0.02,32769
2026-08-12 13:32:12,2026-08-12 13:00:00,1,32,2,,0.18,18.76,0.01,32769
2026-08-12 13:32:12,2026-08-12 13:00:00,1,32,3,VMC,4.63,18.77,0.24,32769
2026-08-12 13:32:12,2026-08-12 13:00:00,1,32,106,CCU: Tegra TX1 SOM module,1.9,20.44,0.09,0
2026-08-12 13:32:12,2026-08-12 13:00:00,1,32,107,,0.03,5.05,0.0,0
2026-08-12 13:32:12,2026-08-12 13:00:00,1,32,108,"CCU: mSATA Drive, SDCARD, discrete ICs",0.13,3.27,0.04,0
2026-08-12 13:32:12,2026-08-12 13:00:00,1,32,110,"CCU: UARTs, HS/LS USB Hubs, Ethernet",1.23,3.4,0.36,0
2026-08-12 13:32:12,2026-08-12 13:00:00,1,32,111,,0.0,0.0,0.0,0
2026-08-12 13:32:12,2026-08-12 13:00:00,3,1,1,GPSWaves,0.34,18.77,0.01,1
2026-08-12 13:32:12,2026-08-12 13:00:00,3,1,5,,0.0,0.0,0.0,0
2026-08-12 13:32:14,2026-08-12 13:00:00,2,1,1,GPSWaves,0.0,0.0,0.0,0
2026-08-12 13:32:14,2026-08-12 13:00:00,2,1,2,Iridium,0.0,0.0,0.0,0
2026-08-12 13:32:14,2026-08-12 13:00:00,2,1,3,SMC,0.0,0.0,0.0,0
2026-08-12 13:32:14,2026-08-12 13:00:00,2,1,4,CR6,0.0,0.0,0.0,0
2026-08-12 13:32:14,2026-08-12 13:00:00,2,1,5,,0.0,0.0,0.0,0
2026-08-12 13:32:14,2026-08-12 13:00:00,2,1,6,,0.0,0.0,0.0,0
2026-08-12 13:32:14,2026-08-12 13:00:00,2,1,7,ADCP,0.0,0.0,0.0,0
2026-08-12 13:32:14,2026-08-12 13:00:00,2,1,8,,0.0,0.0,0.0,0
2026-08-12 13:32:14,2026-08-12 13:00:00,2,5,1,SPN1 Heater,0.0,0.0,0.0,0
2026-08-12 13:32:14,2026-08-12 13:00:00,2,5,2,SPN1,0.0,0.0,0.0,0
2026-08-12 13:32:14,2026-08-12 13:00:00,2,5,3,Vaisala WXT530 Heater,0.0,0.0,0.0,0
2026-08-12 13:32:14,2026-08-12 13:00:00,2,5,4,Vaisala WXT530,0.0,0.0,0.0,0
2026-08-12 13:32:14,2026-08-12 13:00:00,2,5,5,RBR CTD,0.0,0.0,0.0,0
2026-08-12 13:32:14,2026-08-12 13:00:00,2,5,6,Gill R3-50,0.0,0.0,0.0,0
2026-08-12 14:32:12,2026-08-12 14:00:00,1,4,1,Airmar WS200,1.02,13.5,0.07,1
2026-08-12 14:32:12,2026-08-12 14:00:00,1,4,2,,0.0,0.0,0.0,0
2026-08-12 14:32:12,2026-08-12 14:00:00,1,4,3,lightBar,0.0,0.0,0.0,0
2026-08-12 14:32:12,2026-08-12 14:00:00,1,4,4,,0.0,0.0,0.0,0
2026-08-12 14:32:12,2026-08-12 14:00:00,1,4,5,airmarWaterspeedDevice,1.82,13.5,0.13,1
2026-08-12 14:32:12,2026-08-12 14:00:00,1,4,6,,0.0,0.0,0.0,0
2026-08-12 14:32:12,2026-08-12 14:00:00,1,7,1,,0.0,0.0,0.0,0
2026-08-12 14:32:12,2026-08-12 14:00:00,1,7,2,pCO2,5.74,13.52,0.42,1
2026-08-12 14:32:12,2026-08-12 14:00:00,1,7,3,,0.0,0.0,0.0,0
2026-08-12 14:32:12,2026-08-12 14:00:00,1,7,4,AIS,0.0,0.0,0.0,0
2026-08-12 14:32:12,2026-08-12 14:00:00,1,7,5,,0.0,0.0,0.0,0
2026-08-12 14:32:12,2026-08-12 14:00:00,1,7,6,,0.0,0.0,0.0,0
2026-08-12 14:32:12,2026-08-12 14:00:00,1,13,1,,0.04,20.44,0.0,1
2026-08-12 14:32:12,2026-08-12 14:00:00,1,32,1,CCU: UNKNOWN,0.36,20.43,0.01,32769
2026-08-12 14:32:12,2026-08-12 14:00:00,1,32,2,,0.19,20.43,0.0,32769
2026-08-12 14:32:12,2026-08-12 14:00:00,1,32,3,VMC,4.66,20.44,0.22,32769
2026-08-12 14:32:12,2026-08-12 14:00:00,1,32,106,CCU: Tegra TX1 SOM module,1.9,20.35,0.09,0
2026-08-12 14:32:12,2026-08-12 14:00:00,1,32,107,,0.03,5.05,0.0,0
2026-08-12 14:32:12,2026-08-12 14:00:00,1,32,108,"CCU: mSATA Drive, SDCARD, discrete ICs",0.13,3.28,0.04,0
2026-08-12 14:32:12,2026-08-12 14:00:00,1,32,110,"CCU: UARTs, HS/LS USB Hubs, Ethernet",1.23,3.4,0.36,0
2026-08-12 14:32:12,2026-08-12 14:00:00,1,32,111,,0.0,0.0,0.0,0
2026-08-12 14:32:12,2026-08-12 14:00:00,3,1,1,GPSWaves,0.43,20.44,0.02,1
2026-08-12 14:32:12,2026-08-12 14:00:00,3,1,5,,0.0,0.0,0.0,0
2026-08-12 14:32:14,2026-08-12 14:00:00,2,1,1,GPSWaves,0.0,0.0,0.0,0
2026-08-12 14:32:14,2026-08-12 14:00:00,2,1,2,Iridium,0.0,0.0,0.0,0
2026-08-12 14:32:14,2026-08-12 14:00:00,2,1,3,SMC,0.0,0.0,0.0,0
2026-08-12 14:32:14,2026-08-12 14:00:00,2,1,4,CR6,0.0,0.0,0.0,0
2026-08-12 14:32:14,2026-08-12 14:00:00,2,1,5,,0.0,0.0,0.0,0
2026-08-12 14:32:14,2026-08-12 14:00:00,2,1,6,,0.0,0.0,0.0,0
2026-08-12 14:32:14,2026-08-12 14:00:00,2,1,7,ADCP,0.0,0.0,0.0,0
2026-08-12 14:32:14,2026-08-12 14:00:00,2,1,8,,0.0,0.0,0.0,0
2026-08-12 14:32:14,2026-08-12 14:00:00,2,5,1,SPN1 Heater,0.0,0.0,0.0,0
2026-08-12 14:32:14,2026-08-12 14:00:00,2,5,2,SPN1,0.0,0.0,0.0,0
2026-08-12 14:32:14,2026-08-12 14:00:00,2,5,3,Vaisala WXT530 Heater,0.0,0.0,0.0,0
2026-08-12 14:32:14,2026-08-12 14:00:00,2,5,4,Vaisala WXT530,0.0,0.0,0.0,0
2026-08-12 14:32:14,2026-08-12 14:00:00,2,5,5,RBR CTD,0.0,0.0,0.0,0
2026-08-12 14:32:14,2026-08-12 14:00:00,2,5,6,Gill R3-50,0.0,0.0,0.0,0
2026-08-12 15:32:11,2026-08-12 15:00:00,1,4,1,Airmar WS200,1.02,13.52,0.07,1
2026-08-12 15:32:11,2026-08-12 15:00:00,1,4,2,,0.0,0.0,0.0,0
2026-08-12 15:32:11,2026-08-12 15:00:00,1,4,3,lightBar,0.0,0.0,0.0,0
2026-08-12 15:32:11,2026-08-12 15:00:00,1,4,4,,0.0,0.0,0.0,0
2026-08-12 15:32:11,2026-08-12 15:00:00,1,4,5,airmarWaterspeedDevice,1.81,13.48,0.13,1
2026-08-12 15:32:11,2026-08-12 15:00:00,1,4,6,,0.0,0.0,0.0,0
2026-08-12 15:32:11,2026-08-12 15:00:00,1,7,1,,0.0,0.0,0.0,0
2026-08-12 15:32:11,2026-08-12 15:00:00,1,7,2,pCO2,5.73,13.55,0.42,1
2026-08-12 15:32:11,2026-08-12 15:00:00,1,7,3,,0.0,0.0,0.0,0
2026-08-12 15:32:11,2026-08-12 15:00:00,1,7,4,AIS,0.0,0.0,0.0,0
2026-08-12 15:32:11,2026-08-12 15:00:00,1,7,5,,0.0,0.0,0.0,0
2026-08-12 15:32:11,2026-08-12 15:00:00,1,7,6,,0.0,0.0,0.0,0
2026-08-12 15:32:11,2026-08-12 15:00:00,1,13,1,,0.04,18.94,0.0,1
2026-08-12 15:32:11,2026-08-12 15:00:00,1,32,1,CCU: UNKNOWN,0.36,18.93,0.02,32769
2026-08-12 15:32:11,2026-08-12 15:00:00,1,32,2,,0.18,18.92,0.01,32769
2026-08-12 15:32:11,2026-08-12 15:00:00,1,32,3,VMC,4.62,18.94,0.24,32769
2026-08-12 15:32:11,2026-08-12 15:00:00,1,32,106,CCU: Tegra TX1 SOM module,1.88,16.6,0.11,0
2026-08-12 15:32:11,2026-08-12 15:00:00,1,32,107,,0.0,5.05,0.0,0
2026-08-12 15:32:11,2026-08-12 15:00:00,1,32,108,"CCU: mSATA Drive, SDCARD, discrete ICs",0.13,3.28,0.04,0
2026-08-12 15:32:11,2026-08-12 15:00:00,1,32,110,"CCU: UARTs, HS/LS USB Hubs, Ethernet",1.23,3.4,0.36,0
2026-08-12 15:32:11,2026-08-12 15:00:00,1,32,111,,0.0,0.0,0.0,0
2026-08-12 15:32:12,2026-08-12 15:00:00,3,1,1,GPSWaves,0.35,18.93,0.01,1
2026-08-12 15:32:12,2026-08-12 15:00:00,3,1,5,,0.0,0.0,0.0,0
2026-08-12 15:32:13,2026-08-12 15:00:00,2,1,1,GPSWaves,0.0,0.0,0.0,0
2026-08-12 15:32:13,2026-08-12 15:00:00,2,1,2,Iridium,0.0,0.0,0.0,0
2026-08-12 15:32:13,2026-08-12 15:00:00,2,1,3,SMC,0.0,0.0,0.0,0
2026-08-12 15:32:13,2026-08-12 15:00:00,2,1,4,CR6,0.0,0.0,0.0,0
2026-08-12 15:32:13,2026-08-12 15:00:00,2,1,5,,0.0,0.0,0.0,0
2026-08-12 15:32:13,2026-08-12 15:00:00,2,1,6,,0.0,0.0,0.0,0
2026-08-12 15:32:13,2026-08-12 15:00:00,2,1,7,ADCP,0.0,0.0,0.0,0
2026-08-12 15:32:13,2026-08-12 15:00:00,2,1,8,,0.0,0.0,0.0,0
2026-08-12 15:32:13,2026-08-12 15:00:00,2,5,1,SPN1 Heater,0.0,0.0,0.0,0
2026-08-12 15:32:13,2026-08-12 15:00:00,2,5,2,SPN1,0.0,0.0,0.0,0
2026-08-12 15:32:13,2026-08-12 15:00:00,2,5,3,Vaisala WXT530 Heater,0.0,0.0,0.0,0
2026-08-12 15:32:13,2026-08-12 15:00:00,2,5,4,Vaisala WXT530,0.0,0.0,0.0,0
2026-08-12 15:32:13,2026-08-12 15:00:00,2,5,5,RBR CTD,0.0,0.0,0.0,0
2026-08-12 15:32:13,2026-08-12 15:00:00,2,5,6,Gill R3-50,0.0,0.0,0.0,0
2026-08-12 16:32:12,2026-08-12 16:00:00,1,4,1,Airmar WS200,1.02,13.47,0.07,1
2026-08-12 16:32:12,2026-08-12 16:00:00,1,4,2,,0.0,0.0,0.0,0
2026-08-12 16:32:12,2026-08-12 16:00:00,1,4,3,lightBar,0.0,0.0,0.0,0
2026-08-12 16:32:12,2026-08-12 16:00:00,1,4,4,,0.0,0.0,0.0,0
2026-08-12 16:32:12,2026-08-12 16:00:00,1,4,5,airmarWaterspeedDevice,1.82,13.5,0.13,1
2026-08-12 16:32:12,2026-08-12 16:00:00,1,4,6,,0.0,0.0,0.0,0
2026-08-12 16:32:12,2026-08-12 16:00:00,1,7,1,,0.0,0.0,0.0,0
2026-08-12 16:32:12,2026-08-12 16:00:00,1,7,2,pCO2,5.71,13.5,0.42,1
2026-08-12 16:32:12,2026-08-12 16:00:00,1,7,3,,0.0,0.0,0.0,0
2026-08-12 16:32:12,2026-08-12 16:00:00,1,7,4,AIS,0.0,0.0,0.0,0
2026-08-12 16:32:12,2026-08-12 16:00:00,1,7,5,,0.0,0.0,0.0,0
2026-08-12 16:32:12,2026-08-12 16:00:00,1,7,6,,0.0,0.0,0.0,0
2026-08-12 16:32:12,2026-08-12 16:00:00,1,13,1,,0.04,16.52,0.0,1
2026-08-12 16:32:12,2026-08-12 16:00:00,1,32,1,CCU: UNKNOWN,0.36,16.52,0.02,32769
2026-08-12 16:32:12,2026-08-12 16:00:00,1,32,2,,0.18,16.51,0.01,32769
2026-08-12 16:32:12,2026-08-12 16:00:00,1,32,3,VMC,4.56,16.52,0.27,32769
2026-08-12 16:32:12,2026-08-12 16:00:00,1,32,106,CCU: Tegra TX1 SOM module,1.75,16.45,0.11,0
2026-08-12 16:32:12,2026-08-12 16:00:00,1,32,107,,0.03,5.05,0.0,0
2026-08-12 16:32:12,2026-08-12 16:00:00,1,32,108,"CCU: mSATA Drive, SDCARD, discrete ICs",0.13,3.28,0.03,0
2026-08-12 16:32:12,2026-08-12 16:00:00,1,32,110,"CCU: UARTs, HS/LS USB Hubs, Ethernet",1.23,3.4,0.36,0
2026-08-12 16:32:12,2026-08-12 16:00:00,1,32,111,,0.0,0.0,0.0,0
2026-08-12 16:32:13,2026-08-12 16:00:00,3,1,1,GPSWaves,0.3,16.52,0.01,1
2026-08-12 16:32:13,2026-08-12 16:00:00,3,1,5,,0.0,0.0,0.0,0
2026-08-12 16:32:14,2026-08-12 16:00:00,2,1,1,GPSWaves,0.0,0.0,0.0,0
2026-08-12 16:32:14,2026-08-12 16:00:00,2,1,2,Iridium,0.0,0.0,0.0,0
2026-08-12 16:32:14,2026-08-12 16:00:00,2,1,3,SMC,0.0,0.0,0.0,0
2026-08-12 16:32:14,2026-08-12 16:00:00,2,1,4,CR6,0.0,0.0,0.0,0
2026-08-12 16:32:14,2026-08-12 16:00:00,2,1,5,,0.0,0.0,0.0,0
2026-08-12 16:32:14,2026-08-12 16:00:00,2,1,6,,0.0,0.0,0.0,0
2026-08-12 16:32:14,2026-08-12 16:00:00,2,1,7,ADCP,0.0,0.0,0.0,0
2026-08-12 16:32:14,2026-08-12 16:00:00,2,1,8,,0.0,0.0,0.0,0
2026-08-12 16:32:14,2026-08-12 16:00:00,2,5,1,SPN1 Heater,0.0,0.0,0.0,0
2026-08-12 16:32:14,2026-08-12 16:00:00,2,5,2,SPN1,0.0,0.0,0.0,0
2026-08-12 16:32:14,2026-08-12 16:00:00,2,5,3,Vaisala WXT530 Heater,0.0,0.0,0.0,0
2026-08-12 16:32:14,2026-08-12 16:00:00,2,5,4,Vaisala WXT530,0.0,0.0,0.0,0
2026-08-12 16:32:14,2026-08-12 16:00:00,2,5,5,RBR CTD,0.0,0.0,0.0,0
2026-08-12 16:32:14,2026-08-12 16:00:00,2,5,6,Gill R3-50,0.0,0.0,0.0,0
2026-08-12 17:32:12,2026-08-12 17:00:00,1,4,1,Airmar WS200,1.02,13.49,0.07,1
2026-08-12 17:32:12,2026-08-12 17:00:00,1,4,2,,0.0,0.0,0.0,0
2026-08-12 17:32:12,2026-08-12 17:00:00,1,4,3,lightBar,0.0,0.0,0.0,0
2026-08-12 17:32:12,2026-08-12 17:00:00,1,4,4,,0.0,0.0,0.0,0
2026-08-12 17:32:12,2026-08-12 17:00:00,1,4,5,airmarWaterspeedDevice,1.81,13.49,0.13,1
2026-08-12 17:32:12,2026-08-12 17:00:00,1,4,6,,0.0,0.0,0.0,0
2026-08-12 17:32:12,2026-08-12 17:00:00,1,7,1,,0.0,0.0,0.0,0
2026-08-12 17:32:12,2026-08-12 17:00:00,1,7,2,pCO2,5.7,13.5,0.42,1
2026-08-12 17:32:12,2026-08-12 17:00:00,1,7,3,,0.0,0.0,0.0,0
2026-08-12 17:32:12,2026-08-12 17:00:00,1,7,4,AIS,0.0,0.0,0.0,0
2026-08-12 17:32:12,2026-08-12 17:00:00,1,7,5,,0.0,0.0,0.0,0
2026-08-12 17:32:12,2026-08-12 17:00:00,1,7,6,,0.0,0.0,0.0,0
2026-08-12 17:32:12,2026-08-12 17:00:00,1,13,1,,0.04,16.42,0.0,1
2026-08-12 17:32:12,2026-08-12 17:00:00,1,32,1,CCU: UNKNOWN,0.35,16.43,0.02,32769
2026-08-12 17:32:12,2026-08-12 17:00:00,1,32,2,,0.18,16.42,0.01,32769
2026-08-12 17:32:12,2026-08-12 17:00:00,1,32,3,VMC,4.55,16.43,0.27,32769
2026-08-12 17:32:12,2026-08-12 17:00:00,1,32,106,CCU: Tegra TX1 SOM module,2.2,16.4,0.14,0
2026-08-12 17:32:12,2026-08-12 17:00:00,1,32,107,,0.03,5.05,0.0,0
2026-08-12 17:32:12,2026-08-12 17:00:00,1,32,108,"CCU: mSATA Drive, SDCARD, discrete ICs",0.13,3.28,0.03,0
2026-08-12 17:32:12,2026-08-12 17:00:00,1,32,110,"CCU: UARTs, HS/LS USB Hubs, Ethernet",1.23,3.4,0.36,0
2026-08-12 17:32:12,2026-08-12 17:00:00,1,32,111,,0.0,0.0,0.0,0
2026-08-12 17:32:12,2026-08-12 17:00:00,3,1,1,GPSWaves,0.29,16.43,0.01,1
2026-08-12 17:32:12,2026-08-12 17:00:00,3,1,5,,0.0,0.0,0.0,0
2026-08-12 17:32:14,2026-08-12 17:00:00,2,1,1,GPSWaves,0.0,0.0,0.0,0
2026-08-12 17:32:14,2026-08-12 17:00:00,2,1,2,Iridium,0.0,0.0,0.0,0
2026-08-12 17:32:14,2026-08-12 17:00:00,2,1,3,SMC,0.0,0.0,0.0,0
2026-08-12 17:32:14,2026-08-12 17:00:00,2,1,4,CR6,0.0,0.0,0.0,0
2026-08-12 17:32:14,2026-08-12 17:00:00,2,1,5,,0.0,0.0,0.0,0
2026-08-12 17:32:14,2026-08-12 17:00:00,2,1,6,,0.0,0.0,0.0,0
2026-08-12 17:32:14,2026-08-12 17:00:00,2,1,7,ADCP,0.0,0.0,0.0,0
2026-08-12 17:32:14,2026-08-12 17:00:00,2,1,8,,0.0,0.0,0.0,0
2026-08-12 17:32:14,2026-08-12 17:00:00,2,5,1,SPN1 Heater,0.0,0.0,0.0,0
2026-08-12 17:32:14,2026-08-12 17:00:00,2,5,2,SPN1,0.0,0.0,0.0,0
2026-08-12 17:32:14,2026-08-12 17:00:00,2,5,3,Vaisala WXT530 Heater,0.0,0.0,0.0,0
2026-08-12 17:32:14,2026-08-12 17:00:00,2,5,4,Vaisala WXT530,0.0,0.0,0.0,0
2026-08-12 17:32:14,2026-08-12 17:00:00,2,5,5,RBR CTD,0.0,0.0,0.0,0
2026-08-12 17:32:14,2026-08-12 17:00:00,2,5,6,Gill R3-50,0.0,0.0,0.0,0
2026-08-12 18:32:12,2026-08-12 18:00:00,1,4,1,Airmar WS200,1.02,13.49,0.07,1
2026-08-12 18:32:12,2026-08-12 18:00:00,1,4,2,,0.0,0.0,0.0,0
2026-08-12 18:32:12,2026-08-12 18:00:00,1,4,3,lightBar,0.0,0.0,0.0,0
2026-08-12 18:32:12,2026-08-12 18:00:00,1,4,4,,0.0,0.0,0.0,0
2026-08-12 18:32:12,2026-08-12 18:00:00,1,4,5,airmarWaterspeedDevice,1.81,13.49,0.13,1
2026-08-12 18:32:12,2026-08-12 18:00:00,1,4,6,,0.0,0.0,0.0,0
2026-08-12 18:32:12,2026-08-12 18:00:00,1,7,1,,0.0,0.0,0.0,0
2026-08-12 18:32:12,2026-08-12 18:00:00,1,7,2,pCO2,5.7,13.51,0.42,1
2026-08-12 18:32:12,2026-08-12 18:00:00,1,7,3,,0.0,0.0,0.0,0
2026-08-12 18:32:12,2026-08-12 18:00:00,1,7,4,AIS,0.0,0.0,0.0,0
2026-08-12 18:32:12,2026-08-12 18:00:00,1,7,5,,0.0,0.0,0.0,0
2026-08-12 18:32:12,2026-08-12 18:00:00,1,7,6,,0.0,0.0,0.0,0
2026-08-12 18:32:12,2026-08-12 18:00:00,1,13,1,,0.04,16.38,0.0,1
2026-08-12 18:32:12,2026-08-12 18:00:00,1,32,1,CCU: UNKNOWN,0.37,16.38,0.02,32769
2026-08-12 18:32:12,2026-08-12 18:00:00,1,32,2,,0.18,16.37,0.01,32769
2026-08-12 18:32:12,2026-08-12 18:00:00,1,32,3,VMC,4.56,16.38,0.27,32769
2026-08-12 18:32:12,2026-08-12 18:00:00,1,32,106,CCU: Tegra TX1 SOM module,1.88,16.36,0.12,0
2026-08-12 18:32:12,2026-08-12 18:00:00,1,32,107,,0.03,5.05,0.0,0
2026-08-12 18:32:12,2026-08-12 18:00:00,1,32,108,"CCU: mSATA Drive, SDCARD, discrete ICs",0.13,3.28,0.04,0
2026-08-12 18:32:12,2026-08-12 18:00:00,1,32,110,"CCU: UARTs, HS/LS USB Hubs, Ethernet",1.23,3.4,0.36,0
2026-08-12 18:32:12,2026-08-12 18:00:00,1,32,111,,0.0,0.0,0.0,0
2026-08-12 18:32:12,2026-08-12 18:00:00,3,1,1,GPSWaves,0.34,16.38,0.02,1
2026-08-12 18:32:12,2026-08-12 18:00:00,3,1,5,,0.0,0.0,0.0,0
2026-08-12 18:32:14,2026-08-12 18:00:00,2,1,1,GPSWaves,0.0,0.0,0.0,0
2026-08-12 18:32:14,2026-08-12 18:00:00,2,1,2,Iridium,0.0,0.0,0.0,0
2026-08-12 18:32:14,2026-08-12 18:00:00,2,1,3,SMC,0.0,0.0,0.0,0
2026-08-12 18:32:14,2026-08-12 18:00:00,2,1,4,CR6,0.0,0.0,0.0,0
2026-08-12 18:32:14,2026-08-12 18:00:00,2,1,5,,0.0,0.0,0.0,0
2026-08-12 18:32:14,2026-08-12 18:00:00,2,1,6,,0.0,0.0,0.0,0
2026-08-12 18:32:14,2026-08-12 18:00:00,2,1,7,ADCP,0.0,0.0,0.0,0
2026-08-12 18:32:14,2026-08-12 18:00:00,2,1,8,,0.0,0.0,0.0,0
2026-08-12 18:32:14,2026-08-12 18:00:00,2,5,1,SPN1 Heater,0.0,0.0,0.0,0
2026-08-12 18:32:14,2026-08-12 18:00:00,2,5,2,SPN1,0.0,0.0,0.0,0
2026-08-12 18:32:14,2026-08-12 18:00:00,2,5,3,Vaisala WXT530 Heater,0.0,0.0,0.0,0
2026-08-12 18:32:14,2026-08-12 18:00:00,2,5,4,Vaisala WXT530,0.0,0.0,0.0,0
2026-08-12 18:32:14,2026-08-12 18:00:00,2,5,5,RBR CTD,0.0,0.0,0.0,0
2026-08-12 18:32:14,2026-08-12 18:00:00,2,5,6,Gill R3-50,0.0,0.0,0.0,0
2026-08-12 19:32:12,2026-08-12 19:00:00,1,4,1,Airmar WS200,1.02,13.47,0.07,1
2026-08-12 19:32:12,2026-08-12 19:00:00,1,4,2,,0.0,0.0,0.0,0
2026-08-12 19:32:12,2026-08-12 19:00:00,1,4,3,lightBar,0.0,0.0,0.0,0
2026-08-12 19:32:12,2026-08-12 19:00:00,1,4,4,,0.0,0.0,0.0,0
2026-08-12 19:32:12,2026-08-12 19:00:00,1,4,5,airmarWaterspeedDevice,1.81,13.49,0.13,1
2026-08-12 19:32:12,2026-08-12 19:00:00,1,4,6,,0.0,0.0,0.0,0
2026-08-12 19:32:12,2026-08-12 19:00:00,1,7,1,,0.0,0.0,0.0,0
2026-08-12 19:32:12,2026-08-12 19:00:00,1,7,2,pCO2,5.72,13.53,0.42,1
2026-08-12 19:32:12,2026-08-12 19:00:00,1,7,3,,0.0,0.0,0.0,0
2026-08-12 19:32:12,2026-08-12 19:00:00,1,7,4,AIS,0.0,0.0,0.0,0
2026-08-12 19:32:12,2026-08-12 19:00:00,1,7,5,,0.0,0.0,0.0,0
2026-08-12 19:32:12,2026-08-12 19:00:00,1,7,6,,0.0,0.0,0.0,0
2026-08-12 19:32:12,2026-08-12 19:00:00,1,13,1,,0.04,16.34,0.0,1
2026-08-12 19:32:12,2026-08-12 19:00:00,1,32,1,CCU: UNKNOWN,0.36,16.34,0.02,32769
2026-08-12 19:32:12,2026-08-12 19:00:00,1,32,2,,0.18,16.33,0.01,32769
2026-08-12 19:32:12,2026-08-12 19:00:00,1,32,3,VMC,4.55,16.34,0.27,32769
2026-08-12 19:32:12,2026-08-12 19:00:00,1,32,106,CCU: Tegra TX1 SOM module,1.83,16.32,0.11,0
2026-08-12 19:32:12,2026-08-12 19:00:00,1,32,107,,0.03,5.05,0.0,0
2026-08-12 19:32:12,2026-08-12 19:00:00,1,32,108,"CCU: mSATA Drive, SDCARD, discrete ICs",0.15,3.27,0.05,0
2026-08-12 19:32:12,2026-08-12 19:00:00,1,32,110,"CCU: UARTs, HS/LS USB Hubs, Ethernet",1.23,3.4,0.36,0
2026-08-12 19:32:12,2026-08-12 19:00:00,1,32,111,,0.0,0.0,0.0,0
2026-08-12 19:32:12,2026-08-12 19:00:00,3,1,1,GPSWaves,0.33,16.34,0.02,1
2026-08-12 19:32:12,2026-08-12 19:00:00,3,1,5,,0.0,0.0,0.0,0
2026-08-12 19:32:13,2026-08-12 19:00:00,2,1,1,GPSWaves,0.0,0.0,0.0,0
2026-08-12 19:32:13,2026-08-12 19:00:00,2,1,2,Iridium,0.0,0.0,0.0,0
2026-08-12 19:32:13,2026-08-12 19:00:00,2,1,3,SMC,0.0,0.0,0.0,0
2026-08-12 19:32:13,2026-08-12 19:00:00,2,1,4,CR6,0.0,0.0,0.0,0
2026-08-12 19:32:13,2026-08-12 19:00:00,2,1,5,,0.0,0.0,0.0,0
2026-08-12 19:32:13,2026-08-12 19:00:00,2,1,6,,0.0,0.0,0.0,0
2026-08-12 19:32:13,2026-08-12 19:00:00,2,1,7,ADCP,0.0,0.0,0.0,0
2026-08-12 19:32:13,2026-08-12 19:00:00,2,1,8,,0.0,0.0,0.0,0
2026-08-12 19:32:13,2026-08-12 19:00:00,2,5,1,SPN1 Heater,0.0,0.0,0.0,0
2026-08-12 19:32:13,2026-08-12 19:00:00,2,5,2,SPN1,0.0,0.0,0.0,0
2026-08-12 19:32:13,2026-08-12 19:00:00,2,5,3,Vaisala WXT530 Heater,0.0,0.0,0.0,0
2026-08-12 19:32:13,2026-08-12 19:00:00,2,5,4,Vaisala WXT530,0.0,0.0,0.0,0
2026-08-12 19:32:13,2026-08-12 19:00:00,2,5,5,RBR CTD,0.0,0.0,0.0,0
2026-08-12 19:32:13,2026-08-12 19:00:00,2,5,6,Gill R3-50,0.0,0.0,0.0,0
2026-08-12 20:32:12,2026-08-12 20:00:00,1,4,1,Airmar WS200,1.02,13.45,0.07,1
2026-08-12 20:32:12,2026-08-12 20:00:00,1,4,2,,0.0,0.0,0.0,0
2026-08-12 20:32:12,2026-08-12 20:00:00,1,4,3,lightBar,0.0,0.0,0.0,0
2026-08-12 20:32:12,2026-08-12 20:00:00,1,4,4,,0.0,0.0,0.0,0
2026-08-12 20:32:12,2026-08-12 20:00:00,1,4,5,airmarWaterspeedDevice,1.81,13.49,0.13,1
2026-08-12 20:32:12,2026-08-12 20:00:00,1,4,6,,0.0,0.0,0.0,0
2026-08-12 20:32:12,2026-08-12 20:00:00,1,7,1,,0.0,0.0,0.0,0
2026-08-12 20:32:12,2026-08-12 20:00:00,1,7,2,pCO2,5.71,13.48,0.42,1
2026-08-12 20:32:12,2026-08-12 20:00:00,1,7,3,,0.0,0.0,0.0,0
2026-08-12 20:32:12,2026-08-12 20:00:00,1,7,4,AIS,0.0,0.0,0.0,0
2026-08-12 20:32:12,2026-08-12 20:00:00,1,7,5,,0.0,0.0,0.0,0
2026-08-12 20:32:12,2026-08-12 20:00:00,1,7,6,,0.0,0.0,0.0,0
2026-08-12 20:32:12,2026-08-12 20:00:00,1,13,1,,0.04,16.31,0.0,1
2026-08-12 20:32:12,2026-08-12 20:00:00,1,32,1,CCU: UNKNOWN,0.36,16.31,0.02,32769
2026-08-12 20:32:12,2026-08-12 20:00:00,1,32,2,,0.18,16.3,0.01,32769
2026-08-12 20:32:12,2026-08-12 20:00:00,1,32,3,VMC,4.56,16.31,0.27,32769
2026-08-12 20:32:12,2026-08-12 20:00:00,1,32,106,CCU: Tegra TX1 SOM module,1.85,16.3,0.11,0
2026-08-12 20:32:12,2026-08-12 20:00:00,1,32,107,,0.03,5.05,0.0,0
2026-08-12 20:32:12,2026-08-12 20:00:00,1,32,108,"CCU: mSATA Drive, SDCARD, discrete ICs",0.13,3.28,0.03,0
2026-08-12 20:32:12,2026-08-12 20:00:00,1,32,110,"CCU: UARTs, HS/LS USB Hubs, Ethernet",1.23,3.4,0.36,0
2026-08-12 20:32:12,2026-08-12 20:00:00,1,32,111,,0.0,0.0,0.0,0
2026-08-12 20:32:12,2026-08-12 20:00:00,3,1,1,GPSWaves,0.4,16.31,0.02,1
2026-08-12 20:32:12,2026-08-12 20:00:00,3,1,5,,0.0,0.0,0.0,0
2026-08-12 20:32:14,2026-08-12 20:00:00,2,1,1,GPSWaves,0.0,0.0,0.0,0
2026-08-12 20:32:14,2026-08-12 20:00:00,2,1,2,Iridium,0.0,0.0,0.0,0
2026-08-12 20:32:14,2026-08-12 20:00:00,2,1,3,SMC,0.0,0.0,0.0,0
2026-08-12 20:32:14,2026-08-12 20:00:00,2,1,4,CR6,0.0,0.0,0.0,0
2026-08-12 20:32:14,2026-08-12 20:00:00,2,1,5,,0.0,0.0,0.0,0
2026-08-12 20:32:14,2026-08-12 20:00:00,2,1,6,,0.0,0.0,0.0,0
2026-08-12 20:32:14,2026-08-12 20:00:00,2,1,7,ADCP,0.0,0.0,0.0,0
2026-08-12 20:32:14,2026-08-12 20:00:00,2,1,8,,0.0,0.0,0.0,0
2026-08-12 20:32:14,2026-08-12 20:00:00,2,5,1,SPN1 Heater,0.0,0.0,0.0,0
2026-08-12 20:32:14,2026-08-12 20:00:00,2,5,2,SPN1,0.0,0.0,0.0,0
2026-08-12 20:32:14,2026-08-12 20:00:00,2,5,3,Vaisala WXT530 Heater,0.0,0.0,0.0,0
2026-08-12 20:32:14,2026-08-12 20:00:00,2,5,4,Vaisala WXT530,0.0,0.0,0.0,0
2026-08-12 20:32:14,2026-08-12 20:00:00,2,5,5,RBR CTD,0.0,0.0,0.0,0
2026-08-12 20:32:14,2026-08-12 20:00:00,2,5,6,Gill R3-50,0.0,0.0,0.0,0
2026-08-12 21:32:12,2026-08-12 21:00:00,1,4,1,Airmar WS200,1.02,13.52,0.07,1
2026-08-12 21:32:12,2026-08-12 21:00:00,1,4,2,,0.0,0.0,0.0,0
2026-08-12 21:32:12,2026-08-12 21:00:00,1,4,3,lightBar,0.0,0.0,0.0,0
2026-08-12 21:32:12,2026-08-12 21:00:00,1,4,4,,0.0,0.0,0.0,0
2026-08-12 21:32:12,2026-08-12 21:00:00,1,4,5,airmarWaterspeedDevice,1.81,13.45,0.13,1
2026-08-12 21:32:12,2026-08-12 21:00:00,1,4,6,,0.0,0.0,0.0,0
2026-08-12 21:32:12,2026-08-12 21:00:00,1,7,1,,0.0,0.0,0.0,0
2026-08-12 21:32:12,2026-08-12 21:00:00,1,7,2,pCO2,5.72,13.5,0.42,1
2026-08-12 21:32:12,2026-08-12 21:00:00,1,7,3,,0.0,0.0,0.0,0
2026-08-12 21:32:12,2026-08-12 21:00:00,1,7,4,AIS,0.0,0.0,0.0,0
2026-08-12 21:32:12,2026-08-12 21:00:00,1,7,5,,0.0,0.0,0.0,0
2026-08-12 21:32:12,2026-08-12 21:00:00,1,7,6,,0.0,0.0,0.0,0
2026-08-12 21:32:12,2026-08-12 21:00:00,1,13,1,,0.04,16.29,0.0,1
2026-08-12 21:32:12,2026-08-12 21:00:00,1,32,1,CCU: UNKNOWN,0.36,16.29,0.02,32769
2026-08-12 21:32:12,2026-08-12 21:00:00,1,32,2,,0.18,16.28,0.01,32769
2026-08-12 21:32:12,2026-08-12 21:00:00,1,32,3,VMC,4.55,16.29,0.28,32769
2026-08-12 21:32:12,2026-08-12 21:00:00,1,32,106,CCU: Tegra TX1 SOM module,1.85,16.27,0.11,0
2026-08-12 21:32:12,2026-08-12 21:00:00,1,32,107,,0.0,5.05,0.0,0
2026-08-12 21:32:12,2026-08-12 21:00:00,1,32,108,"CCU: mSATA Drive, SDCARD, discrete ICs",0.13,3.28,0.03,0
2026-08-12 21:32:12,2026-08-12 21:00:00,1,32,110,"CCU: UARTs, HS/LS USB Hubs, Ethernet",1.23,3.4,0.36,0
2026-08-12 21:32:12,2026-08-12 21:00:00,1,32,111,,0.0,0.0,0.0,0
2026-08-12 21:32:12,2026-08-12 21:00:00,3,1,1,GPSWaves,0.35,16.29,0.02,1
2026-08-12 21:32:12,2026-08-12 21:00:00,3,1,5,,0.0,0.0,0.0,0
2026-08-12 21:32:14,2026-08-12 21:00:00,2,1,1,GPSWaves,0.0,0.0,0.0,0
2026-08-12 21:32:14,2026-08-12 21:00:00,2,1,2,Iridium,0.0,0.0,0.0,0
2026-08-12 21:32:14,2026-08-12 21:00:00,2,1,3,SMC,0.0,0.0,0.0,0
2026-08-12 21:32:14,2026-08-12 21:00:00,2,1,4,CR6,0.0,0.0,0.0,0
2026-08-12 21:32:14,2026-08-12 21:00:00,2,1,5,,0.0,0.0,0.0,0
2026-08-12 21:32:14,2026-08-12 21:00:00,2,1,6,,0.0,0.0,0.0,0
2026-08-12 21:32:14,2026-08-12 21:00:00,2,1,7,ADCP,0.0,0.0,0.0,0
2026-08-12 21:32:14,2026-08-12 21:00:00,2,1,8,,0.0,0.0,0.0,0
2026-08-12 21:32:14,2026-08-12 21:00:00,2,5,1,SPN1 Heater,0.0,0.0,0.0,0
2026-08-12 21:32:14,2026-08-12 21:00:00,2,5,2,SPN1,0.0,0.0,0.0,0
2026-08-12 21:32:14,2026-08-12 21:00:00,2,5,3,Vaisala WXT530 Heater,0.0,0.0,0.0,0
2026-08-12 21:32:14,2026-08-12 21:00:00,2,5,4,Vaisala WXT530,0.0,0.0,0.0,0
2026-08-12 21:32:14,2026-08-12 21:00:00,2,5,5,RBR CTD,0.0,0.0,0.0,0
2026-08-12 21:32:14,2026-08-12 21:00:00,2,5,6,Gill R3-50,0.0,0.0,0.0,0
2026-08-12 22:32:11,2026-08-12 22:00:00,1,4,1,Airmar WS200,1.02,13.45,0.07,1
2026-08-12 22:32:11,2026-08-12 22:00:00,1,4,2,,0.0,0.0,0.0,0
2026-08-12 22:32:11,2026-08-12 22:00:00,1,4,3,lightBar,0.0,0.0,0.0,0
2026-08-12 22:32:11,2026-08-12 22:00:00,1,4,4,,0.0,0.0,0.0,0
2026-08-12 22:32:11,2026-08-12 22:00:00,1,4,5,airmarWaterspeedDevice,1.81,13.48,0.13,1
2026-08-12 22:32:11,2026-08-12 22:00:00,1,4,6,,0.0,0.0,0.0,0
2026-08-12 22:32:11,2026-08-12 22:00:00,1,7,1,,0.0,0.0,0.0,0
2026-08-12 22:32:11,2026-08-12 22:00:00,1,7,2,pCO2,5.73,13.53,0.42,1
2026-08-12 22:32:11,2026-08-12 22:00:00,1,7,3,,0.0,0.0,0.0,0
2026-08-12 22:32:11,2026-08-12 22:00:00,1,7,4,AIS,0.0,0.0,0.0,0
2026-08-12 22:32:11,2026-08-12 22:00:00,1,7,5,,0.0,0.0,0.0,0
2026-08-12 22:32:11,2026-08-12 22:00:00,1,7,6,,0.0,0.0,0.0,0
2026-08-12 22:32:11,2026-08-12 22:00:00,1,13,1,,0.04,16.26,0.0,1
2026-08-12 22:32:11,2026-08-12 22:00:00,1,32,1,CCU: UNKNOWN,0.35,16.26,0.02,32769
2026-08-12 22:32:11,2026-08-12 22:00:00,1,32,2,,0.18,16.25,0.01,32769
2026-08-12 22:32:11,2026-08-12 22:00:00,1,32,3,VMC,4.54,16.26,0.27,32769
2026-08-12 22:32:11,2026-08-12 22:00:00,1,32,106,CCU: Tegra TX1 SOM module,1.85,16.24,0.11,0
2026-08-12 22:32:11,2026-08-12 22:00:00,1,32,107,,0.03,5.05,0.0,0
2026-08-12 22:32:11,2026-08-12 22:00:00,1,32,108,"CCU: mSATA Drive, SDCARD, discrete ICs",0.13,3.28,0.04,0
2026-08-12 22:32:11,2026-08-12 22:00:00,1,32,110,"CCU: UARTs, HS/LS USB Hubs, Ethernet",1.23,3.4,0.36,0
2026-08-12 22:32:11,2026-08-12 22:00:00,1,32,111,,0.0,0.0,0.0,0
2026-08-12 22:32:12,2026-08-12 22:00:00,3,1,1,GPSWaves,0.41,16.26,0.02,1
2026-08-12 22:32:12,2026-08-12 22:00:00,3,1,5,,0.0,0.0,0.0,0
2026-08-12 22:32:13,2026-08-12 22:00:00,2,1,1,GPSWaves,0.0,0.0,0.0,0
2026-08-12 22:32:13,2026-08-12 22:00:00,2,1,2,Iridium,0.0,0.0,0.0,0
2026-08-12 22:32:13,2026-08-12 22:00:00,2,1,3,SMC,0.0,0.0,0.0,0
2026-08-12 22:32:13,2026-08-12 22:00:00,2,1,4,CR6,0.0,0.0,0.0,0
2026-08-12 22:32:13,2026-08-12 22:00:00,2,1,5,,0.0,0.0,0.0,0
2026-08-12 22:32:13,2026-08-12 22:00:00,2,1,6,,0.0,0.0,0.0,0
2026-08-12 22:32:13,2026-08-12 22:00:00,2,1,7,ADCP,0.0,0.0,0.0,0
2026-08-12 22:32:13,2026-08-12 22:00:00,2,1,8,,0.0,0.0,0.0,0
2026-08-12 22:32:13,2026-08-12 22:00:00,2,5,1,SPN1 Heater,0.0,0.0,0.0,0
2026-08-12 22:32:13,2026-08-12 22:00:00,2,5,2,SPN1,0.0,0.0,0.0,0
2026-08-12 22:32:13,2026-08-12 22:00:00,2,5,3,Vaisala WXT530 Heater,0.0,0.0,0.0,0
2026-08-12 22:32:13,2026-08-12 22:00:00,2,5,4,Vaisala WXT530,0.0,0.0,0.0,0
2026-08-12 22:32:13,2026-08-12 22:00:00,2,5,5,RBR CTD,0.0,0.0,0.0,0
2026-08-12 22:32:13,2026-08-12 22:00:00,2,5,6,Gill R3-50,0.0,0.0,0.0,0
2026-08-12 23:32:12,2026-08-12 23:00:00,1,4,1,Airmar WS200,1.02,13.44,0.07,1
2026-08-12 23:32:12,2026-08-12 23:00:00,1,4,2,,0.0,0.0,0.0,0
2026-08-12 23:32:12,2026-08-12 23:00:00,1,4,3,lightBar,0.0,0.0,0.0,0
2026-08-12 23:32:12,2026-08-12 23:00:00,1,4,4,,0.0,0.0,0.0,0
2026-08-12 23:32:12,2026-08-12 23:00:00,1,4,5,airmarWaterspeedDevice,1.81,13.48,0.13,1
2026-08-12 23:32:12,2026-08-12 23:00:00,1,4,6,,0.0,0.0,0.0,0
2026-08-12 23:32:12,2026-08-12 23:00:00,1,7,1,,0.0,0.0,0.0,0
2026-08-12 23:32:12,2026-08-12 23:00:00,1,7,2,pCO2,5.72,13.53,0.42,1
2026-08-12 23:32:12,2026-08-12 23:00:00,1,7,3,,0.0,0.0,0.0,0
2026-08-12 23:32:12,2026-08-12 23:00:00,1,7,4,AIS,0.0,0.0,0.0,0
2026-08-12 23:32:12,2026-08-12 23:00:00,1,7,5,,0.0,0.0,0.0,0
2026-08-12 23:32:12,2026-08-12 23:00:00,1,7,6,,0.0,0.0,0.0,0
2026-08-12 23:32:12,2026-08-12 23:00:00,1,13,1,,0.04,16.24,0.0,1
2026-08-12 23:32:12,2026-08-12 23:00:00,1,32,1,CCU: UNKNOWN,0.35,16.24,0.02,32769
2026-08-12 23:32:12,2026-08-12 23:00:00,1,32,2,,0.18,16.23,0.01,32769
2026-08-12 23:32:12,2026-08-12 23:00:00,1,32,3,VMC,4.54,16.24,0.28,32769
2026-08-12 23:32:12,2026-08-12 23:00:00,1,32,106,CCU: Tegra TX1 SOM module,1.75,16.22,0.11,0
2026-08-12 23:32:12,2026-08-12 23:00:00,1,32,107,,0.03,5.05,0.0,0
2026-08-12 23:32:12,2026-08-12 23:00:00,1,32,108,"CCU: mSATA Drive, SDCARD, discrete ICs",0.13,3.28,0.04,0
2026-08-12 23:32:12,2026-08-12 23:00:00,1,32,110,"CCU: UARTs, HS/LS USB Hubs, Ethernet",1.23,3.4,0.36,0
2026-08-12 23:32:12,2026-08-12 23:00:00,1,32,111,,0.0,0.0,0.0,0
2026-08-12 23:32:13,2026-08-12 23:00:00,3,1,1,GPSWaves,0.36,16.24,0.02,1
2026-08-12 23:32:13,2026-08-12 23:00:00,3,1,5,,0.0,0.0,0.0,0
2026-08-12 23:32:14,2026-08-12 23:00:00,2,1,1,GPSWaves,0.0,0.0,0.0,0
2026-08-12 23:32:14,2026-08-12 23:00:00,2,1,2,Iridium,0.0,0.0,0.0,0
2026-08-12 23:32:14,2026-08-12 23:00:00,2,1,3,SMC,0.0,0.0,0.0,0
2026-08-12 23:32:14,2026-08-12 23:00:00,2,1,4,CR6,0.0,0.0,0.0,0
2026-08-12 23:32:14,2026-08-12 23:00:00,2,1,5,,0.0,0.0,0.0,0
2026-08-12 23:32:14,2026-08-12 23:00:00,2,1,6,,0.0,0.0,0.0,0
2026-08-12 23:32:14,2026-08-12 23:00:00,2,1,7,ADCP,0.0,0.0,0.0,0
2026-08-12 23:32:14,2026-08-12 23:00:00,2,1,8,,0.0,0.0,0.0,0
2026-08-12 23:32:14,2026-08-12 23:00:00,2,5,1,SPN1 Heater,0.0,0.0,0.0,0
2026-08-12 23:32:14,2026-08-12 23:00:00,2,5,2,SPN1,0.0,0.0,0.0,0
2026-08-12 23:32:14,2026-08-12 23:00:00,2,5,3,Vaisala WXT530 Heater,0.0,0.0,0.0,0
2026-08-12 23:32:14,2026-08-12 23:00:00,2,5,4,Vaisala WXT530,0.0,0.0,0.0,0
2026-08-12 23:32:14,2026-08-12 23:00:00,2,5,5,RBR CTD,0.0,0.0,0.0,0
2026-08-12 23:32:14,2026-08-12 23:00:00,2,5,6,Gill R3-50,0.0,0.0,0.0,0
2026-08-13 00:32:12,2026-08-13 00:00:00,1,4,1,Airmar WS200,1.02,13.48,0.07,1
2026-08-13 00:32:12,2026-08-13 00:00:00,1,4,2,,0.0,0.0,0.0,0
2026-08-13 00:32:12,2026-08-13 00:00:00,1,4,3,lightBar,0.0,0.0,0.0,0
2026-08-13 00:32:12,2026-08-13 00:00:00,1,4,4,,0.0,0.0,0.0,0
2026-08-13 00:32:12,2026-08-13 00:00:00,1,4,5,airmarWaterspeedDevice,1.81,13.45,0.13,1
2026-08-13 00:32:12,2026-08-13 00:00:00,1,4,6,,0.0,0.0,0.0,0
2026-08-13 00:32:12,2026-08-13 00:00:00,1,7,1,,0.0,0.0,0.0,0
2026-08-13 00:32:12,2026-08-13 00:00:00,1,7,2,pCO2,5.72,13.52,0.42,1
2026-08-13 00:32:12,2026-08-13 00:00:00,1,7,3,,0.0,0.0,0.0,0
2026-08-13 00:32:12,2026-08-13 00:00:00,1,7,4,AIS,0.0,0.0,0.0,0
2026-08-13 00:32:12,2026-08-13 00:00:00,1,7,5,,0.0,0.0,0.0,0
2026-08-13 00:32:12,2026-08-13 00:00:00,1,7,6,,0.0,0.0,0.0,0
2026-08-13 00:32:12,2026-08-13 00:00:00,1,13,1,,0.04,16.2,0.0,1
2026-08-13 00:32:12,2026-08-13 00:00:00,1,32,1,CCU: UNKNOWN,0.36,16.2,0.02,32769
2026-08-13 00:32:12,2026-08-13 00:00:00,1,32,2,,0.17,16.2,0.01,32769
2026-08-13 00:32:12,2026-08-13 00:00:00,1,32,3,VMC,4.55,16.21,0.28,32769
2026-08-13 00:32:12,2026-08-13 00:00:00,1,32,106,CCU: Tegra TX1 SOM module,1.85,16.19,0.12,0
2026-08-13 00:32:12,2026-08-13 00:00:00,1,32,107,,0.03,5.05,0.0,0
2026-08-13 00:32:12,2026-08-13 00:00:00,1,32,108,"CCU: mSATA Drive, SDCARD, discrete ICs",0.13,3.28,0.03,0
2026-08-13 00:32:12,2026-08-13 00:00:00,1,32,110,"CCU: UARTs, HS/LS USB Hubs, Ethernet",1.23,3.4,0.36,0
2026-08-13 00:32:12,2026-08-13 00:00:00,1,32,111,,0.0,0.0,0.0,0
2026-08-13 00:32:12,2026-08-13 00:00:00,3,1,1,GPSWaves,0.32,16.21,0.01,1
2026-08-13 00:32:12,2026-08-13 00:00:00,3,1,5,,0.0,0.0,0.0,0
2026-08-13 00:32:14,2026-08-13 00:00:00,2,1,1,GPSWaves,0.0,0.0,0.0,0
2026-08-13 00:32:14,2026-08-13 00:00:00,2,1,2,Iridium,0.0,0.0,0.0,0
2026-08-13 00:32:14,2026-08-13 00:00:00,2,1,3,SMC,0.0,0.0,0.0,0
2026-08-13 00:32:14,2026-08-13 00:00:00,2,1,4,CR6,0.0,0.0,0.0,0
2026-08-13 00:32:14,2026-08-13 00:00:00,2,1,5,,0.0,0.0,0.0,0
2026-08-13 00:32:14,2026-08-13 00:00:00,2,1,6,,0.0,0.0,0.0,0
2026-08-13 00:32:14,2026-08-13 00:00:00,2,1,7,ADCP,0.0,0.0,0.0,0
2026-08-13 00:32:14,2026-08-13 00:00:00,2,1,8,,0.0,0.0,0.0,0
2026-08-13 00:32:14,2026-08-13 00:00:00,2,5,1,SPN1 Heater,0.0,0.0,0.0,0
2026-08-13 00:32:14,2026-08-13 00:00:00,2,5,2,SPN1,0.0,0.0,0.0,0
2026-08-13 00:32:14,2026-08-13 00:00:00,2,5,3,Vaisala WXT530 Heater,0.0,0.0,0.0,0
2026-08-13 00:32:14,2026-08-13 00:00:00,2,5,4,Vaisala WXT530,0.0,0.0,0.0,0
2026-08-13 00:32:14,2026-08-13 00:00:00,2,5,5,RBR CTD,0.0,0.0,0.0,0
2026-08-13 00:32:14,2026-08-13 00:00:00,2,5,6,Gill R3-50,0.0,0.0,0.0,0
2026-08-13 01:32:12,2026-08-13 01:00:00,1,4,1,Airmar WS200,1.02,13.51,0.07,1
2026-08-13 01:32:12,2026-08-13 01:00:00,1,4,2,,0.0,0.0,0.0,0
2026-08-13 01:32:12,2026-08-13 01:00:00,1,4,3,lightBar,0.0,0.0,0.0,0
2026-08-13 01:32:12,2026-08-13 01:00:00,1,4,4,,0.0,0.0,0.0,0
2026-08-13 01:32:12,2026-08-13 01:00:00,1,4,5,airmarWaterspeedDevice,1.81,13.48,0.13,1
2026-08-13 01:32:12,2026-08-13 01:00:00,1,4,6,,0.0,0.0,0.0,0
2026-08-13 01:32:12,2026-08-13 01:00:00,1,7,1,,0.0,0.0,0.0,0
2026-08-13 01:32:12,2026-08-13 01:00:00,1,7,2,pCO2,5.71,13.52,0.42,1
2026-08-13 01:32:12,2026-08-13 01:00:00,1,7,3,,0.0,0.0,0.0,0
2026-08-13 01:32:12,2026-08-13 01:00:00,1,7,4,AIS,0.0,0.0,0.0,0
2026-08-13 01:32:12,2026-08-13 01:00:00,1,7,5,,0.0,0.0,0.0,0
2026-08-13 01:32:12,2026-08-13 01:00:00,1,7,6,,0.0,0.0,0.0,0
2026-08-13 01:32:12,2026-08-13 01:00:00,1,13,1,,0.04,16.16,0.0,1
2026-08-13 01:32:12,2026-08-13 01:00:00,1,32,1,CCU: UNKNOWN,0.37,16.16,0.02,32769
2026-08-13 01:32:12,2026-08-13 01:00:00,1,32,2,,0.18,16.16,0.01,32769
2026-08-13 01:32:12,2026-08-13 01:00:00,1,32,3,VMC,4.56,16.17,0.28,32769
2026-08-13 01:32:12,2026-08-13 01:00:00,1,32,106,CCU: Tegra TX1 SOM module,1.85,16.14,0.12,0
2026-08-13 01:32:12,2026-08-13 01:00:00,1,32,107,,0.0,5.05,0.0,0
2026-08-13 01:32:12,2026-08-13 01:00:00,1,32,108,"CCU: mSATA Drive, SDCARD, discrete ICs",0.13,3.28,0.04,0
2026-08-13 01:32:12,2026-08-13 01:00:00,1,32,110,"CCU: UARTs, HS/LS USB Hubs, Ethernet",1.23,3.4,0.37,0
2026-08-13 01:32:12,2026-08-13 01:00:00,1,32,111,,0.0,0.0,0.0,0
2026-08-13 01:32:12,2026-08-13 01:00:00,3,1,1,GPSWaves,0.29,16.17,0.01,1
2026-08-13 01:32:12,2026-08-13 01:00:00,3,1,5,,0.0,0.0,0.0,0
2026-08-13 01:32:14,2026-08-13 01:00:00,2,1,1,GPSWaves,0.0,0.0,0.0,0
2026-08-13 01:32:14,2026-08-13 01:00:00,2,1,2,Iridium,0.0,0.0,0.0,0
2026-08-13 01:32:14,2026-08-13 01:00:00,2,1,3,SMC,0.0,0.0,0.0,0
2026-08-13 01:32:14,2026-08-13 01:00:00,2,1,4,CR6,0.0,0.0,0.0,0
2026-08-13 01:32:14,2026-08-13 01:00:00,2,1,5,,0.0,0.0,0.0,0
2026-08-13 01:32:14,2026-08-13 01:00:00,2,1,6,,0.0,0.0,0.0,0
2026-08-13 01:32:14,2026-08-13 01:00:00,2,1,7,ADCP,0.0,0.0,0.0,0
2026-08-13 01:32:14,2026-08-13 01:00:00,2,1,8,,0.0,0.0,0.0,0
2026-08-13 01:32:14,2026-08-13 01:00:00,2,5,1,SPN1 Heater,0.0,0.0,0.0,0
2026-08-13 01:32:14,2026-08-13 01:00:00,2,5,2,SPN1,0.0,0.0,0.0,0
2026-08-13 01:32:14,2026-08-13 01:00:00,2,5,3,Vaisala WXT530 Heater,0.0,0.0,0.0,0
2026-08-13 01:32:14,2026-08-13 01:00:00,2,5,4,Vaisala WXT530,0.0,0.0,0.0,0
2026-08-13 01:32:14,2026-08-13 01:00:00,2,5,5,RBR CTD,0.0,0.0,0.0,0
2026-08-13 01:32:14,2026-08-13 01:00:00,2,5,6,Gill R3-50,0.0,0.0,0.0,0
2026-08-13 02:32:11,2026-08-13 02:00:00,1,4,1,Airmar WS200,1.02,13.51,0.07,1
2026-08-13 02:32:11,2026-08-13 02:00:00,1,4,2,,0.0,0.0,0.0,0
2026-08-13 02:32:11,2026-08-13 02:00:00,1,4,3,lightBar,0.0,0.0,0.0,0
2026-08-13 02:32:11,2026-08-13 02:00:00,1,4,4,,0.0,0.0,0.0,0
2026-08-13 02:32:11,2026-08-13 02:00:00,1,4,5,airmarWaterspeedDevice,1.81,13.46,0.13,1
2026-08-13 02:32:11,2026-08-13 02:00:00,1,4,6,,0.0,0.0,0.0,0
2026-08-13 02:32:11,2026-08-13 02:00:00,1,7,1,,0.0,0.0,0.0,0
2026-08-13 02:32:11,2026-08-13 02:00:00,1,7,2,pCO2,5.72,13.54,0.42,1
2026-08-13 02:32:11,2026-08-13 02:00:00,1,7,3,,0.0,0.0,0.0,0
2026-08-13 02:32:11,2026-08-13 02:00:00,1,7,4,AIS,0.0,0.0,0.0,0
2026-08-13 02:32:11,2026-08-13 02:00:00,1,7,5,,0.0,0.0,0.0,0
2026-08-13 02:32:11,2026-08-13 02:00:00,1,7,6,,0.0,0.0,0.0,0
2026-08-13 02:32:11,2026-08-13 02:00:00,1,13,1,,0.04,16.11,0.0,1
2026-08-13 02:32:11,2026-08-13 02:00:00,1,32,1,CCU: UNKNOWN,0.36,16.12,0.02,32769
2026-08-13 02:32:11,2026-08-13 02:00:00,1,32,2,,0.18,16.11,0.01,32769
2026-08-13 02:32:11,2026-08-13 02:00:00,1,32,3,VMC,4.55,16.12,0.28,32769
2026-08-13 02:32:11,2026-08-13 02:00:00,1,32,106,CCU: Tegra TX1 SOM module,1.8,16.09,0.11,0
2026-08-13 02:32:11,2026-08-13 02:00:00,1,32,107,,0.03,5.05,0.0,0
2026-08-13 02:32:11,2026-08-13 02:00:00,1,32,108,"CCU: mSATA Drive, SDCARD, discrete ICs",0.13,3.27,0.04,0
2026-08-13 02:32:11,2026-08-13 02:00:00,1,32,110,"CCU: UARTs, HS/LS USB Hubs, Ethernet",1.23,3.4,0.36,0
2026-08-13 02:32:11,2026-08-13 02:00:00,1,32,111,,0.0,0.0,0.0,0
2026-08-13 02:32:12,2026-08-13 02:00:00,3,1,1,GPSWaves,0.27,16.12,0.01,1
2026-08-13 02:32:12,2026-08-13 02:00:00,3,1,5,,0.0,0.0,0.0,0
2026-08-13 02:32:13,2026-08-13 02:00:00,2,1,1,GPSWaves,0.0,0.0,0.0,0
2026-08-13 02:32:13,2026-08-13 02:00:00,2,1,2,Iridium,0.0,0.0,0.0,0
2026-08-13 02:32:13,2026-08-13 02:00:00,2,1,3,SMC,0.0,0.0,0.0,0
2026-08-13 02:32:13,2026-08-13 02:00:00,2,1,4,CR6,0.0,0.0,0.0,0
2026-08-13 02:32:13,2026-08-13 02:00:00,2,1,5,,0.0,0.0,0.0,0
2026-08-13 02:32:13,2026-08-13 02:00:00,2,1,6,,0.0,0.0,0.0,0
2026-08-13 02:32:13,2026-08-13 02:00:00,2,1,7,ADCP,0.0,0.0,0.0,0
2026-08-13 02:32:13,2026-08-13 02:00:00,2,1,8,,0.0,0.0,0.0,0
2026-08-13 02:32:13,2026-08-13 02:00:00,2,5,1,SPN1 Heater,0.0,0.0,0.0,0
2026-08-13 02:32:13,2026-08-13 02:00:00,2,5,2,SPN1,0.0,0.0,0.0,0
2026-08-13 02:32:13,2026-08-13 02:00:00,2,5,3,Vaisala WXT530 Heater,0.0,0.0,0.0,0
2026-08-13 02:32:13,2026-08-13 02:00:00,2,5,4,Vaisala WXT530,0.0,0.0,0.0,0
2026-08-13 02:32:13,2026-08-13 02:00:00,2,5,5,RBR CTD,0.0,0.0,0.0,0
2026-08-13 02:32:13,2026-08-13 02:00:00,2,5,6,Gill R3-50,0.0,0.0,0.0,0
2026-08-13 03:32:12,2026-08-13 03:00:00,1,4,1,Airmar WS200,1.02,13.49,0.07,1
2026-08-13 03:32:12,2026-08-13 03:00:00,1,4,2,,0.0,0.0,0.0,0
2026-08-13 03:32:12,2026-08-13 03:00:00,1,4,3,lightBar,0.0,0.0,0.0,0
2026-08-13 03:32:12,2026-08-13 03:00:00,1,4,4,,0.0,0.0,0.0,0
2026-08-13 03:32:12,2026-08-13 03:00:00,1,4,5,airmarWaterspeedDevice,1.8,13.41,0.13,1
2026-08-13 03:32:12,2026-08-13 03:00:00,1,4,6,,0.0,0.0,0.0,0
2026-08-13 03:32:12,2026-08-13 03:00:00,1,7,1,,0.0,0.0,0.0,0
2026-08-13 03:32:12,2026-08-13 03:00:00,1,7,2,pCO2,5.71,13.5,0.42,1
2026-08-13 03:32:12,2026-08-13 03:00:00,1,7,3,,0.0,0.0,0.0,0
2026-08-13 03:32:12,2026-08-13 03:00:00,1,7,4,AIS,0.0,0.0,0.0,0
2026-08-13 03:32:12,2026-08-13 03:00:00,1,7,5,,0.0,0.0,0.0,0
2026-08-13 03:32:12,2026-08-13 03:00:00,1,7,6,,0.0,0.0,0.0,0
2026-08-13 03:32:12,2026-08-13 03:00:00,1,13,1,,0.04,16.06,0.0,1
2026-08-13 03:32:12,2026-08-13 03:00:00,1,32,1,CCU: UNKNOWN,0.36,16.06,0.02,32769
2026-08-13 03:32:12,2026-08-13 03:00:00,1,32,2,,0.18,16.05,0.01,32769
2026-08-13 03:32:12,2026-08-13 03:00:00,1,32,3,VMC,4.55,16.06,0.28,32769
2026-08-13 03:32:12,2026-08-13 03:00:00,1,32,106,CCU: Tegra TX1 SOM module,1.73,16.03,0.11,0
2026-08-13 03:32:12,2026-08-13 03:00:00,1,32,107,,0.03,5.05,0.0,0
2026-08-13 03:32:12,2026-08-13 03:00:00,1,32,108,"CCU: mSATA Drive, SDCARD, discrete ICs",0.13,3.27,0.04,0
2026-08-13 03:32:12,2026-08-13 03:00:00,1,32,110,"CCU: UARTs, HS/LS USB Hubs, Ethernet",1.23,3.4,0.36,0
2026-08-13 03:32:12,2026-08-13 03:00:00,1,32,111,,0.0,0.0,0.0,0
2026-08-13 03:32:13,2026-08-13 03:00:00,3,1,1,GPSWaves,0.4,16.06,0.02,1
2026-08-13 03:32:13,2026-08-13 03:00:00,3,1,5,,0.0,0.0,0.0,0
2026-08-13 03:32:14,2026-08-13 03:00:00,2,1,1,GPSWaves,0.0,0.0,0.0,0
2026-08-13 03:32:14,2026-08-13 03:00:00,2,1,2,Iridium,0.0,0.0,0.0,0
2026-08-13 03:32:14,2026-08-13 03:00:00,2,1,3,SMC,0.0,0.0,0.0,0
2026-08-13 03:32:14,2026-08-13 03:00:00,2,1,4,CR6,0.0,0.0,0.0,0
2026-08-13 03:32:14,2026-08-13 03:00:00,2,1,5,,0.0,0.0,0.0,0
2026-08-13 03:32:14,2026-08-13 03:00:00,2,1,6,,0.0,0.0,0.0,0
2026-08-13 03:32:14,2026-08-13 03:00:00,2,1,7,ADCP,0.0,0.0,0.0,0
2026-08-13 03:32:14,2026-08-13 03:00:00,2,1,8,,0.0,0.0,0.0,0
2026-08-13 03:32:14,2026-08-13 03:00:00,2,5,1,SPN1 Heater,0.0,0.0,0.0,0
2026-08-13 03:32:14,2026-08-13 03:00:00,2,5,2,SPN1,0.0,0.0,0.0,0
2026-08-13 03:32:14,2026-08-13 03:00:00,2,5,3,Vaisala WXT530 Heater,0.0,0.0,0.0,0
2026-08-13 03:32:14,2026-08-13 03:00:00,2,5,4,Vaisala WXT530,0.0,0.0,0.0,0
2026-08-13 03:32:14,2026-08-13 03:00:00,2,5,5,RBR CTD,0.0,0.0,0.0,0
2026-08-13 03:32:14,2026-08-13 03:00:00,2,5,6,Gill R3-50,0.0,0.0,0.0,0
2026-08-13 04:32:14,2026-08-13 04:00:00,2,1,1,GPSWaves,0.0,0.0,0.0,0
2026-08-13 04:32:14,2026-08-13 04:00:00,2,1,2,Iridium,0.0,0.0,0.0,0
2026-08-13 04:32:14,2026-08-13 04:00:00,2,1,3,SMC,0.0,0.0,0.0,0
2026-08-13 04:32:14,2026-08-13 04:00:00,2,1,4,CR6,0.0,0.0,0.0,0
2026-08-13 04:32:14,2026-08-13 04:00:00,2,1,5,,0.0,0.0,0.0,0
2026-08-13 04:32:14,2026-08-13 04:00:00,2,1,6,,0.0,0.0,0.0,0
2026-08-13 04:32:14,2026-08-13 04:00:00,2,1,7,ADCP,0.0,0.0,0.0,0
2026-08-13 04:32:14,2026-08-13 04:00:00,2,1,8,,0.0,0.0,0.0,0
2026-08-13 04:32:14,2026-08-13 04:00:00,2,5,1,SPN1 Heater,0.0,0.0,0.0,0
2026-08-13 04:32:14,2026-08-13 04:00:00,2,5,2,SPN1,0.0,0.0,0.0,0
2026-08-13 04:32:14,2026-08-13 04:00:00,2,5,3,Vaisala WXT530 Heater,0.0,0.0,0.0,0
2026-08-13 04:32:14,2026-08-13 04:00:00,2,5,4,Vaisala WXT530,0.0,0.0,0.0,0
2026-08-13 04:32:14,2026-08-13 04:00:00,2,5,5,RBR CTD,0.0,0.0,0.0,0
2026-08-13 04:32:14,2026-08-13 04:00:00,2,5,6,Gill R3-50,0.0,0.0,0.0,0
2026-08-13 05:32:12,2026-08-13 05:00:00,1,4,1,Airmar WS200,1.02,13.51,0.07,1
2026-08-13 05:32:12,2026-08-13 05:00:00,1,4,2,,0.0,0.0,0.0,0
2026-08-13 05:32:12,2026-08-13 05:00:00,1,4,3,lightBar,0.0,0.0,0.0,0
2026-08-13 05:32:12,2026-08-13 05:00:00,1,4,4,,0.0,0.0,0.0,0
2026-08-13 05:32:12,2026-08-13 05:00:00,1,4,5,airmarWaterspeedDevice,1.8,13.41,0.13,1
2026-08-13 05:32:12,2026-08-13 05:00:00,1,4,6,,0.0,0.0,0.0,0
2026-08-13 05:32:12,2026-08-13 05:00:00,1,7,1,,0.0,0.0,0.0,0
2026-08-13 05:32:12,2026-08-13 05:00:00,1,7,2,pCO2,5.72,13.54,0.42,1
2026-08-13 05:32:12,2026-08-13 05:00:00,1,7,3,,0.0,0.0,0.0,0
2026-08-13 05:32:12,2026-08-13 05:00:00,1,7,4,AIS,0.0,0.0,0.0,0
2026-08-13 05:32:12,2026-08-13 05:00:00,1,7,5,,0.0,0.0,0.0,0
2026-08-13 05:32:12,2026-08-13 05:00:00,1,7,6,,0.0,0.0,0.0,0
2026-08-13 05:32:12,2026-08-13 05:00:00,1,13,1,,0.04,15.94,0.0,1
2026-08-13 05:32:12,2026-08-13 05:00:00,1,32,1,CCU: UNKNOWN,0.36,15.94,0.02,32769
2026-08-13 05:32:12,2026-08-13 05:00:00,1,32,2,,0.18,15.93,0.01,32769
2026-08-13 05:32:12,2026-08-13 05:00:00,1,32,3,VMC,4.55,15.94,0.28,32769
2026-08-13 05:32:12,2026-08-13 05:00:00,1,32,106,CCU: Tegra TX1 SOM module,2.0,15.9,0.13,0
2026-08-13 05:32:12,2026-08-13 05:00:00,1,32,107,,0.03,5.05,0.0,0
2026-08-13 05:32:12,2026-08-13 05:00:00,1,32,108,"CCU: mSATA Drive, SDCARD, discrete ICs",0.13,3.27,0.04,0
2026-08-13 05:32:12,2026-08-13 05:00:00,1,32,110,"CCU: UARTs, HS/LS USB Hubs, Ethernet",1.23,3.4,0.37,0
2026-08-13 05:32:12,2026-08-13 05:00:00,1,32,111,,0.0,0.0,0.0,0
2026-08-13 05:32:12,2026-08-13 05:00:00,3,1,1,GPSWaves,0.29,15.94,0.01,1
2026-08-13 05:32:12,2026-08-13 05:00:00,3,1,5,,0.0,0.0,0.0,0
2026-08-13 05:32:14,2026-08-13 05:00:00,2,1,1,GPSWaves,0.0,0.0,0.0,0
2026-08-13 05:32:14,2026-08-13 05:00:00,2,1,2,Iridium,0.0,0.0,0.0,0
2026-08-13 05:32:14,2026-08-13 05:00:00,2,1,3,SMC,0.0,0.0,0.0,0
2026-08-13 05:32:14,2026-08-13 05:00:00,2,1,4,CR6,0.0,0.0,0.0,0
2026-08-13 05:32:14,2026-08-13 05:00:00,2,1,5,,0.0,0.0,0.0,0
2026-08-13 05:32:14,2026-08-13 05:00:00,2,1,6,,0.0,0.0,0.0,0
2026-08-13 05:32:14,2026-08-13 05:00:00,2,1,7,ADCP,0.0,0.0,0.0,0
2026-08-13 05:32:14,2026-08-13 05:00:00,2,1,8,,0.0,0.0,0.0,0
2026-08-13 05:32:14,2026-08-13 05:00:00,2,5,1,SPN1 Heater,0.0,0.0,0.0,0
2026-08-13 05:32:14,2026-08-13 05:00:00,2,5,2,SPN1,0.0,0.0,0.0,0
2026-08-13 05:32:14,2026-08-13 05:00:00,2,5,3,Vaisala WXT530 Heater,0.0,0.0,0.0,0
2026-08-13 05:32:14,2026-08-13 05:00:00,2,5,4,Vaisala WXT530,0.0,0.0,0.0,0
2026-08-13 05:32:14,2026-08-13 05:00:00,2,5,5,RBR CTD,0.0,0.0,0.0,0
2026-08-13 05:32:14,2026-08-13 05:00:00,2,5,6,Gill R3-50,0.0,0.0,0.0,0
2026-08-13 06:32:13,2026-08-13 06:00:00,2,5,5,RBR CTD,0.0,0.0,0.0,0
2026-08-13 06:32:13,2026-08-13 06:00:00,2,5,6,Gill R3-50,0.0,0.0,0.0,0
