timeStamp,latitude,longitude,significant_wave_height_m,average_wave_period_s,peak_wave_period_s,peak_wave_direction_deg,n_samples,sampling_frequency_hz,sample_gaps
2026-07-03 11:00:00,-38.47657,11.53408,0.7690631855756835,8.346078867851597,8.827586206896552,190.49452301849038,4799,4.0,1
2026-07-03 11:20:00,-38.47709,11.529465,0.815449208370185,8.642938470548968,8.258064516129032,199.12323449412673,4799,4.0,1
2026-07-03 13:40:00,-38.4457766666667,11.57116,2.2919634822721657,6.582860103043477,7.757575757575758,267.28982680822094,4799,4.0,1
2026-07-03 16:40:00,-38.44457,11.5780583333333,2.265860867161443,7.019786343212321,12.19047619047619,93.7194333759881,4793,4.0,7
2026-07-03 17:00:00,-38.4446183333333,11.5777666666667,2.123144985463757,6.674120238368655,7.757575757575758,274.2473366600044,4793,4.0,7
2026-07-03 17:20:00,-38.4435333333333,11.577665,2.0382236101693714,6.67241292086948,6.918918918918919,285.2206078972841,4796,4.0,4
2026-07-03 17:40:00,-38.44435,11.578465,2.2857198614709873,7.407176320732818,6.564102564102564,285.8498426162573,4796,4.0,4
2026-07-03 18:00:00,-38.4445216666667,11.5780966666667,2.0934104429669196,6.7725796504382245,6.918918918918919,277.64274880351934,4796,4.0,4
2026-07-03 18:20:00,-38.444545,11.577155,1.9909612696564005,6.687757660270704,6.918918918918919,277.0099789917381,4793,4.0,7
2026-07-03 18:40:00,-38.444095,11.57849,2.4131098934783544,7.49953491797241,12.19047619047619,102.44068077215616,4793,4.0,7
2026-07-03 19:00:00,-38.4446683333333,11.57791,2.3756007313922605,7.666207190811682,6.918918918918919,275.7462033920432,4790,4.0,10
2026-07-03 19:20:00,-38.44373,11.5781233333333,2.1682600663393043,7.34505008046263,7.757575757575758,271.70530318349836,4793,4.0,7
2026-07-03 19:40:00,-38.444645,11.577285,2.3497700189262485,7.68103535166262,11.130434782608695,,4793,4.0,7
2026-07-03 20:00:00,-38.4446333333333,11.5776966666667,2.1884388179952294,7.74221393314661,11.130434782608695,111.40242890369916,4793,4.0,7
2026-07-03 20:20:00,-38.4440233333333,11.5789,2.1145762982047978,7.0286443289654486,7.314285714285714,283.56950288822475,4796,4.0,4
2026-07-03 20:40:00,-38.4335916666667,11.5909883333333,2.3609375778681643,7.559727762599812,9.481481481481481,,4793,4.0,7
2026-07-03 21:00:00,-38.423045,11.6036116666667,2.2190417469996557,7.459137814597866,8.258064516129032,252.61776859922364,4793,4.0,7
2026-07-03 21:20:00,-38.412535,11.6161483333333,2.240183668487862,7.540145201306859,8.827586206896552,229.19099279921986,4796,4.0,4
2026-07-03 21:40:00,-38.401445,11.629245,2.288396783865877,7.8028896525596565,10.24,115.59454728790661,4793,4.0,7
2026-07-03 22:00:00,-38.3904816666667,11.6422633333333,2.161378328573066,7.609109055017567,8.827586206896552,251.05904690682405,4799,4.0,1
2026-07-03 22:20:00,-38.3788683333333,11.6561,2.0155858294531552,7.742736109191124,10.24,116.51551357719825,4796,4.0,4
2026-07-03 22:40:00,-38.36727,11.6698666666667,2.1003491669853354,7.633959485985381,7.757575757575758,,4793,4.0,7
2026-07-03 23:00:00,-38.3553816666667,11.6840733333333,2.0718174409304333,7.657999164872666,8.258064516129032,250.9178986101531,4796,4.0,4
2026-07-03 23:20:00,-38.3431116666667,11.6984416666667,2.0964804920741646,7.627763986568256,10.24,124.26550886641257,4793,4.0,7
2026-07-03 23:40:00,-38.3423816666667,11.7002433333333,2.116953173822528,7.833892409837886,11.130434782608695,99.02708916462251,4796,4.0,4
2026-07-04 00:00:00,-38.3424933333333,11.7001233333333,2.1122533732026665,7.6116469680803265,7.757575757575758,,4799,4.0,1
2026-07-04 00:20:00,-38.3428966666667,11.6995283333333,2.065918453383161,7.863865967963699,11.130434782608695,,4796,4.0,4
2026-07-04 00:40:00,-38.3426466666667,11.69961,1.99538561131411,7.595211177843561,11.130434782608695,113.06451637268651,4796,4.0,4
2026-07-04 01:00:00,-38.3425583333333,11.6997116666667,2.0155717337177284,7.854874386824063,12.19047619047619,,4799,4.0,1
2026-07-04 01:20:00,-38.3428883333333,11.6995416666667,2.1984566459204267,8.059328839733663,10.24,,4796,4.0,4
2026-07-04 01:40:00,-38.34336,11.69886,1.779361923449786,7.074630695861064,8.827586206896552,143.9408583194221,4799,4.0,1
2026-07-04 02:00:00,-38.342705,11.699615,2.2139530554755913,8.012337902739088,11.130434782608695,,4796,4.0,4
2026-07-04 02:20:00,-38.3432083333333,11.698455,2.108108303883432,7.7756696041105045,7.314285714285714,,4796,4.0,4
2026-07-04 02:40:00,-38.3432266666667,11.6992833333333,2.187965757236692,8.014803464225361,12.19047619047619,,4796,4.0,4
2026-07-04 03:00:00,-38.3427283333333,11.6996,2.1622530620062945,7.71269391508743,7.314285714285714,,4799,4.0,1
2026-07-04 03:20:00,-38.3424083333333,11.6990616666667,2.201859432745109,8.25026182898109,11.130434782608695,,4793,4.0,7
2026-07-04 03:40:00,-38.3430166666667,11.6982533333333,2.178196554089665,7.981772586474535,11.130434782608695,,4787,4.0,13
2026-07-04 04:00:00,-38.34341,11.6991766666667,2.2675958646640915,8.016055082730292,11.130434782608695,,4793,4.0,7
2026-07-04 04:20:00,-38.3429483333333,11.6995683333333,1.8626033638515735,7.123635713968029,7.757575757575758,,4787,4.0,13
2026-07-04 04:40:00,-38.34243,11.699005,2.194230295658188,8.106020156107968,12.19047619047619,,4796,4.0,4
2026-07-04 05:00:00,-38.3423483333333,11.6989633333333,1.8734247820679861,6.993378147638937,7.314285714285714,281.92220072856963,4799,4.0,1
2026-07-04 05:20:00,-38.3424183333333,11.69919,2.2244825813756623,7.933620364892787,7.314285714285714,,4799,4.0,1
2026-07-04 05:40:00,-38.3427183333333,11.69934,1.839684765991503,6.907967571911637,7.314285714285714,273.53378835093145,4799,4.0,1
2026-07-04 06:00:00,-38.3429316666667,11.6994866666667,1.9617423342489222,7.2674861188268425,6.918918918918919,294.60750422163255,4799,4.0,1
2026-07-04 06:20:00,-38.3415416666667,11.7003333333333,1.6947830422564996,6.9008469905503445,6.918918918918919,307.5576394914516,4778,4.0,22
2026-07-04 06:40:00,-38.33147,11.711505,2.1194382494918056,7.980317839861515,11.130434782608695,153.55827984441072,4799,4.0,1
2026-07-04 07:00:00,-38.3209316666667,11.723445,2.27546536790824,7.891194927367115,11.130434782608695,,4793,4.0,7
2026-07-04 07:20:00,-38.310285,11.7355266666667,2.2693043251414875,8.11640651313038,11.130434782608695,,4793,4.0,7
2026-07-04 09:20:00,-38.2397816666667,11.8143116666667,2.244544316210409,6.981445620167484,8.258064516129032,282.5665115814649,4799,4.0,1
2026-07-05 15:00:00,-37.7467066666667,11.9027716666667,3.7303164728333584,7.801529257066233,10.24,263.4263376607712,4793,4.0,7
2026-07-05 15:20:00,-37.7469566666667,11.913295,3.6717331868611103,7.9404559634114085,11.130434782608695,259.3230178517806,4799,4.0,1
2026-07-05 15:40:00,-37.7470133333333,11.924575,3.5705891817441224,8.031330289587098,11.130434782608695,256.8934199807475,4799,4.0,1
2026-07-05 16:00:00,-37.7471783333333,11.935695,3.8360500108351916,8.221371051128019,10.24,259.26651715224597,4799,4.0,1
2026-07-05 16:20:00,-37.7472333333333,11.946665,3.470646568099711,7.985338792386592,11.130434782608695,265.6803015296018,4796,4.0,4
2026-07-05 16:40:00,-37.7475283333333,11.95771,3.4620684666628008,7.924482151988205,10.24,255.91902732472226,4796,4.0,4
2026-07-05 17:00:00,-37.747585,11.9686133333333,3.5703582815929513,7.943498638453287,11.130434782608695,253.40931123450534,4793,4.0,7
2026-07-05 17:20:00,-37.7477816666667,11.9792066666667,3.4383102872435916,7.663997925037944,9.481481481481481,266.97899334288206,4796,4.0,4
2026-07-05 17:40:00,-37.74801,11.9907866666667,3.5016279110143578,7.961207575530539,11.130434782608695,255.03187295585647,4793,4.0,7
2026-07-05 18:00:00,-37.7481316666667,12.0014016666667,3.5103580860105437,7.887700971161743,11.130434782608695,253.57733311409942,4793,4.0,7
2026-07-05 19:20:00,-37.7483416666667,12.0365016666667,3.2842856760249064,7.692739954314641,11.130434782608695,250.03562113832362,4796,4.0,4
2026-07-05 19:40:00,-37.7482683333333,12.0436066666667,3.9004632328655497,8.056755807760961,11.130434782608695,250.52948574384595,4796,4.0,4
2026-07-05 20:00:00,-37.7481483333333,12.0497683333333,3.53112525437182,7.9602627857042005,10.24,253.63577979365135,4796,4.0,4
2026-07-05 20:20:00,-37.74882,12.0563316666667,3.7142606399985163,7.969686328761948,11.130434782608695,259.99993365354,4793,4.0,7
2026-07-05 20:40:00,-37.749105,12.06532,3.64984341822666,7.808042370765248,10.24,254.41887532429914,4796,4.0,4
2026-07-05 21:00:00,-37.74916,12.0764216666667,3.6049004952879296,7.750299952782731,11.130434782608695,247.38473497328866,4793,4.0,7
2026-07-05 21:20:00,-37.7493333333333,12.0862733333333,3.606971974066473,7.990546882793276,10.24,257.9020094698128,4796,4.0,4
2026-07-05 21:40:00,-37.749205,12.0954433333333,3.6513222420188747,8.120521552567544,10.24,261.04102719786056,4796,4.0,4
2026-07-05 22:00:00,-37.749005,12.10442,3.41385500206117,7.791341522036437,11.130434782608695,260.9989163980425,4793,4.0,7
2026-07-05 22:20:00,-37.74937,12.111885,3.867382749136758,8.425347842475974,11.130434782608695,261.71603741171134,4796,4.0,4
2026-07-05 22:40:00,-37.7492983333333,12.1183566666667,3.768349257663568,8.076664292140688,10.24,260.9776082699326,4796,4.0,4
2026-07-05 23:00:00,-37.74904,12.12446,3.5571775612991954,7.9747884585179625,11.130434782608695,253.18974953894184,4796,4.0,4
2026-07-05 23:20:00,-37.7489,12.1291916666667,3.4119075848515896,7.772962480488509,9.481481481481481,246.0254043183845,4799,4.0,1
2026-07-05 23:40:00,-37.74824,12.1361333333333,3.879017719268069,8.374994099650516,10.24,253.2240465179752,4799,4.0,1
2026-07-06 00:00:00,-37.7478933333333,12.14049,3.3946719749798313,7.845062202920208,9.481481481481481,254.05260932312052,4796,4.0,4
2026-07-06 00:20:00,-37.7474133333333,12.144705,3.6364864768809424,8.20023889451849,11.130434782608695,257.069144740627,4799,4.0,1
2026-07-06 00:40:00,-37.7466066666667,12.1485966666667,3.4763448646648327,8.17156069804246,10.24,252.22993663849087,4796,4.0,4
2026-07-06 01:00:00,-37.745925,12.1527066666667,3.5700028740612137,8.290875535227306,11.130434782608695,254.98385528604052,4796,4.0,4
2026-07-06 01:20:00,-37.7449166666667,12.1579833333333,3.2174490597296956,7.740090464995447,9.481481481481481,257.5054976319507,4799,4.0,1
2026-07-06 01:40:00,-37.74414,12.1623033333333,3.600845714137381,8.394548418459095,11.130434782608695,253.91691378048404,4793,4.0,7
2026-07-06 02:00:00,-37.743545,12.16635,3.732366516377802,8.300859763112737,11.130434782608695,263.4684019614009,4796,4.0,4
2026-07-06 02:20:00,-37.7424883333333,12.170275,3.68268612839716,8.322753247976637,11.130434782608695,245.27950582122406,4796,4.0,4
2026-07-06 02:40:00,-37.7416233333333,12.1731166666667,3.556620841474612,8.34951621022702,11.130434782608695,252.06709949073985,4796,4.0,4
2026-07-06 03:00:00,-37.740075,12.17663,3.5460606294887747,8.317336199932264,11.130434782608695,250.15456047508798,4796,4.0,4
2026-07-06 03:20:00,-37.738775,12.1798783333333,3.404395440845495,8.257022554930005,11.130434782608695,249.1714290284355,4796,4.0,4
2026-07-06 03:40:00,-37.7376166666667,12.1839016666667,3.636409311033125,8.43302919092123,11.130434782608695,249.35726757887932,4799,4.0,1
2026-07-06 04:00:00,-37.73639,12.18412,3.74196834154997,8.30571031190372,11.130434782608695,255.66928819247076,4796,4.0,4
2026-07-06 04:20:00,-37.7355683333333,12.185395,3.2391966755918413,7.713531312982818,9.481481481481481,265.2327104353579,4796,4.0,4
2026-07-06 04:40:00,-37.7346916666667,12.1868216666667,3.558106518454064,8.305816399852809,11.130434782608695,255.07212515188172,4796,4.0,4
2026-07-06 05:00:00,-37.734045,12.1881066666667,3.5776960180674138,8.135031373901935,11.130434782608695,252.74396610476748,4796,4.0,4
2026-07-06 05:20:00,-37.7333566666667,12.1897216666667,3.2928618497738884,7.962650329721015,11.130434782608695,247.86808517963982,4796,4.0,4
2026-07-06 05:40:00,-37.7327,12.1924316666667,3.364227473717545,7.971036536560122,11.130434782608695,249.13090163377092,4793,4.0,7
2026-07-06 06:00:00,-37.7319366666667,12.1960266666667,3.0293348595212772,7.269252610280942,9.481481481481481,261.39622696001123,4796,4.0,4
2026-07-06 06:20:00,-37.7307966666667,12.1983666666667,3.0007006072833042,6.8663280971137395,9.481481481481481,260.71045319888356,4793,4.0,7
2026-07-06 06:40:00,-37.7302566666667,12.1998283333333,3.0505616697756754,7.34854599546112,9.481481481481481,264.41862636966925,4796,4.0,4
2026-07-06 07:00:00,-37.7300883333333,12.201985,3.404239695879175,7.932788058989644,10.24,257.4117129958103,4796,4.0,4
2026-07-06 07:20:00,-37.7302166666667,12.2044066666667,3.435081694949679,7.575408327621862,11.130434782608695,257.4580335349407,4796,4.0,4
2026-07-08 17:20:00,-36.43405,12.1984166666667,2.599371802799554,8.661248991285161,12.19047619047619,211.69047300894135,4793,4.0,7
2026-07-08 17:40:00,-36.4321466666667,12.2044566666667,2.608364230364943,9.162911755905474,12.19047619047619,210.4331968544709,4793,4.0,7
